2026-01-03 23:27:11,420 - Main - INFO - Application starting...
2026-01-03 23:27:11,420 - src.trainer - INFO - Starting training session for tickers: ['NVDA', 'AAPL', 'GOOGL', 'MSFT', 'AMZN']
2026-01-03 23:27:11,420 - src.trainer - INFO - --- Processing NVDA ---
2026-01-03 23:27:11,420 - src.data_loader - INFO - Downloading data for NVDA (Period: 10y)...
2026-01-03 23:27:23,944 - src.data_loader - INFO - Successfully loaded 2515 rows for NVDA.
2026-01-03 23:27:23,948 - src.feature_eng - INFO - Data preprocessed. Train len: 2012, Test input len: 563
2026-01-03 23:27:23,959 - LSTMModel - INFO - Building LSTM architecture...
2026-01-03 23:27:24,481 - LSTMModel - INFO - Training LSTM...
2026-01-03 23:28:59,839 - src.trainer - ERROR - Error training lstm for NVDA: got an unexpected keyword argument 'squared'
2026-01-03 23:28:59,842 - SklearnModel - INFO - Training random_forest...
2026-01-03 23:29:02,208 - src.trainer - ERROR - Error training random_forest for NVDA: got an unexpected keyword argument 'squared'
2026-01-03 23:29:02,208 - SklearnModel - INFO - Training linear_regression...
2026-01-03 23:29:02,208 - SklearnModel - INFO - Training linear_regression...
2026-01-03 23:29:02,259 - src.trainer - ERROR - Error training linear_regression for NVDA: got an unexpected keyword argument 'squared'
2026-01-03 23:29:02,260 - src.trainer - INFO - --- Processing AAPL ---
2026-01-03 23:29:02,261 - src.data_loader - INFO - Downloading data for AAPL (Period: 10y)...
2026-01-03 23:29:04,674 - src.data_loader - INFO - Successfully loaded 2515 rows for AAPL.
2026-01-03 23:29:04,674 - src.feature_eng - INFO - Data preprocessed. Train len: 2012, Test input len: 563
2026-01-03 23:29:04,674 - LSTMModel - INFO - Building LSTM architecture...
2026-01-03 23:29:04,674 - LSTMModel - INFO - Building LSTM architecture...
2026-01-03 23:29:04,768 - LSTMModel - INFO - Training LSTM...
2026-01-03 23:29:04,768 - LSTMModel - INFO - Training LSTM...
2026-01-03 23:32:09,459 - src.trainer - ERROR - Error training lstm for AAPL: got an unexpected keyword argument 'squared'
2026-01-03 23:32:09,462 - SklearnModel - INFO - Training random_forest...
2026-01-03 23:32:09,462 - SklearnModel - INFO - Training random_forest...
2026-01-03 23:32:09,462 - SklearnModel - INFO - Training random_forest...
2026-01-03 23:32:11,396 - src.trainer - ERROR - Error training random_forest for AAPL: got an unexpected keyword argument 'squared'
2026-01-03 23:32:11,401 - SklearnModel - INFO - Training linear_regression...
2026-01-03 23:32:11,401 - SklearnModel - INFO - Training linear_regression...
2026-01-03 23:32:11,401 - SklearnModel - INFO - Training linear_regression...
2026-01-03 23:32:11,401 - SklearnModel - INFO - Training linear_regression...
2026-01-03 23:32:11,426 - src.trainer - ERROR - Error training linear_regression for AAPL: got an unexpected keyword argument 'squared'
2026-01-03 23:32:11,426 - src.trainer - INFO - --- Processing GOOGL ---
2026-01-03 23:32:11,427 - src.data_loader - INFO - Downloading data for GOOGL (Period: 10y)...
2026-01-03 23:32:14,457 - src.data_loader - INFO - Successfully loaded 2515 rows for GOOGL.
2026-01-03 23:32:14,457 - src.feature_eng - INFO - Data preprocessed. Train len: 2012, Test input len: 563
2026-01-03 23:32:14,474 - LSTMModel - INFO - Building LSTM architecture...
2026-01-03 23:32:14,474 - LSTMModel - INFO - Building LSTM architecture...
2026-01-03 23:32:14,474 - LSTMModel - INFO - Building LSTM architecture...
2026-01-03 23:32:14,573 - LSTMModel - INFO - Training LSTM...
2026-01-03 23:32:14,573 - LSTMModel - INFO - Training LSTM...
2026-01-03 23:32:14,573 - LSTMModel - INFO - Training LSTM...
2026-01-03 23:33:47,142 - src.trainer - ERROR - Error training lstm for GOOGL: got an unexpected keyword argument 'squared'
2026-01-03 23:33:47,142 - SklearnModel - INFO - Training random_forest...
2026-01-03 23:33:47,142 - SklearnModel - INFO - Training random_forest...
2026-01-03 23:33:47,142 - SklearnModel - INFO - Training random_forest...
2026-01-03 23:33:47,142 - SklearnModel - INFO - Training random_forest...
2026-01-03 23:33:47,142 - SklearnModel - INFO - Training random_forest...
2026-01-03 23:33:48,995 - src.trainer - ERROR - Error training random_forest for GOOGL: got an unexpected keyword argument 'squared'
2026-01-03 23:33:48,995 - SklearnModel - INFO - Training linear_regression...
2026-01-03 23:33:48,995 - SklearnModel - INFO - Training linear_regression...
2026-01-03 23:33:48,995 - SklearnModel - INFO - Training linear_regression...
2026-01-03 23:33:48,995 - SklearnModel - INFO - Training linear_regression...
2026-01-03 23:33:48,995 - SklearnModel - INFO - Training linear_regression...
2026-01-03 23:33:48,995 - SklearnModel - INFO - Training linear_regression...
2026-01-03 23:33:49,024 - src.trainer - ERROR - Error training linear_regression for GOOGL: got an unexpected keyword argument 'squared'
2026-01-03 23:33:49,024 - src.trainer - INFO - --- Processing MSFT ---
2026-01-03 23:33:49,025 - src.data_loader - INFO - Downloading data for MSFT (Period: 10y)...
2026-01-03 23:33:51,128 - src.data_loader - INFO - Successfully loaded 2515 rows for MSFT.
2026-01-03 23:33:51,130 - src.feature_eng - INFO - Data preprocessed. Train len: 2012, Test input len: 563
2026-01-03 23:33:51,140 - LSTMModel - INFO - Building LSTM architecture...
2026-01-03 23:33:51,140 - LSTMModel - INFO - Building LSTM architecture...
2026-01-03 23:33:51,140 - LSTMModel - INFO - Building LSTM architecture...
2026-01-03 23:33:51,140 - LSTMModel - INFO - Building LSTM architecture...
2026-01-03 23:33:51,242 - LSTMModel - INFO - Training LSTM...
2026-01-03 23:33:51,242 - LSTMModel - INFO - Training LSTM...
2026-01-03 23:33:51,242 - LSTMModel - INFO - Training LSTM...
2026-01-03 23:33:51,242 - LSTMModel - INFO - Training LSTM...
2026-01-03 23:35:27,715 - src.trainer - ERROR - Error training lstm for MSFT: got an unexpected keyword argument 'squared'
2026-01-03 23:35:27,717 - SklearnModel - INFO - Training random_forest...
2026-01-03 23:35:27,717 - SklearnModel - INFO - Training random_forest...
2026-01-03 23:35:27,717 - SklearnModel - INFO - Training random_forest...
2026-01-03 23:35:27,717 - SklearnModel - INFO - Training random_forest...
2026-01-03 23:35:27,717 - SklearnModel - INFO - Training random_forest...
2026-01-03 23:35:27,717 - SklearnModel - INFO - Training random_forest...
2026-01-03 23:35:27,717 - SklearnModel - INFO - Training random_forest...
2026-01-03 23:35:29,464 - src.trainer - ERROR - Error training random_forest for MSFT: got an unexpected keyword argument 'squared'
2026-01-03 23:35:29,469 - SklearnModel - INFO - Training linear_regression...
2026-01-03 23:35:29,469 - SklearnModel - INFO - Training linear_regression...
2026-01-03 23:35:29,469 - SklearnModel - INFO - Training linear_regression...
2026-01-03 23:35:29,469 - SklearnModel - INFO - Training linear_regression...
2026-01-03 23:35:29,469 - SklearnModel - INFO - Training linear_regression...
2026-01-03 23:35:29,469 - SklearnModel - INFO - Training linear_regression...
2026-01-03 23:35:29,469 - SklearnModel - INFO - Training linear_regression...
2026-01-03 23:35:29,469 - SklearnModel - INFO - Training linear_regression...
2026-01-03 23:35:29,477 - src.trainer - ERROR - Error training linear_regression for MSFT: got an unexpected keyword argument 'squared'
2026-01-03 23:35:29,477 - src.trainer - INFO - --- Processing AMZN ---
2026-01-03 23:35:29,477 - src.data_loader - INFO - Downloading data for AMZN (Period: 10y)...
2026-01-03 23:35:31,741 - src.data_loader - INFO - Successfully loaded 2515 rows for AMZN.
2026-01-03 23:35:31,741 - src.feature_eng - INFO - Data preprocessed. Train len: 2012, Test input len: 563
2026-01-03 23:35:31,741 - LSTMModel - INFO - Building LSTM architecture...
2026-01-03 23:35:31,741 - LSTMModel - INFO - Building LSTM architecture...
2026-01-03 23:35:31,741 - LSTMModel - INFO - Building LSTM architecture...
2026-01-03 23:35:31,741 - LSTMModel - INFO - Building LSTM architecture...
2026-01-03 23:35:31,741 - LSTMModel - INFO - Building LSTM architecture...
2026-01-03 23:35:31,849 - LSTMModel - INFO - Training LSTM...
2026-01-03 23:35:31,849 - LSTMModel - INFO - Training LSTM...
2026-01-03 23:35:31,849 - LSTMModel - INFO - Training LSTM...
2026-01-03 23:35:31,849 - LSTMModel - INFO - Training LSTM...
2026-01-03 23:35:31,849 - LSTMModel - INFO - Training LSTM...
2026-01-03 23:38:52,626 - src.trainer - ERROR - Error training lstm for AMZN: got an unexpected keyword argument 'squared'
2026-01-03 23:38:52,629 - SklearnModel - INFO - Training random_forest...
2026-01-03 23:38:52,629 - SklearnModel - INFO - Training random_forest...
2026-01-03 23:38:52,629 - SklearnModel - INFO - Training random_forest...
2026-01-03 23:38:52,629 - SklearnModel - INFO - Training random_forest...
2026-01-03 23:38:52,629 - SklearnModel - INFO - Training random_forest...
2026-01-03 23:38:52,629 - SklearnModel - INFO - Training random_forest...
2026-01-03 23:38:52,629 - SklearnModel - INFO - Training random_forest...
2026-01-03 23:38:52,629 - SklearnModel - INFO - Training random_forest...
2026-01-03 23:38:52,629 - SklearnModel - INFO - Training random_forest...
2026-01-03 23:38:54,492 - src.trainer - ERROR - Error training random_forest for AMZN: got an unexpected keyword argument 'squared'
2026-01-03 23:38:54,501 - SklearnModel - INFO - Training linear_regression...
2026-01-03 23:38:54,501 - SklearnModel - INFO - Training linear_regression...
2026-01-03 23:38:54,501 - SklearnModel - INFO - Training linear_regression...
2026-01-03 23:38:54,501 - SklearnModel - INFO - Training linear_regression...
2026-01-03 23:38:54,501 - SklearnModel - INFO - Training linear_regression...
2026-01-03 23:38:54,501 - SklearnModel - INFO - Training linear_regression...
2026-01-03 23:38:54,501 - SklearnModel - INFO - Training linear_regression...
2026-01-03 23:38:54,501 - SklearnModel - INFO - Training linear_regression...
2026-01-03 23:38:54,501 - SklearnModel - INFO - Training linear_regression...
2026-01-03 23:38:54,501 - SklearnModel - INFO - Training linear_regression...
2026-01-03 23:38:54,516 - src.trainer - ERROR - Error training linear_regression for AMZN: got an unexpected keyword argument 'squared'
2026-01-03 23:38:54,516 - Main - INFO - Training complete. Models saved.
2026-01-03 23:42:52,064 - Main - INFO - Application starting...
2026-01-03 23:42:52,069 - src.trainer - INFO - Starting training session for tickers: ['NVDA', 'AAPL', 'GOOGL', 'MSFT', 'AMZN']
2026-01-03 23:42:52,069 - src.trainer - INFO - --- Processing NVDA ---
2026-01-03 23:42:52,071 - src.data_loader - INFO - Downloading data for NVDA (Period: 10y)...
2026-01-03 23:42:56,399 - src.data_loader - INFO - Successfully loaded 2515 rows for NVDA.
2026-01-03 23:42:56,403 - src.feature_eng - INFO - Data preprocessed. Train len: 2012, Test input len: 563
2026-01-03 23:42:56,411 - LSTMModel - INFO - Building LSTM architecture...
2026-01-03 23:42:56,645 - LSTMModel - INFO - Training LSTM...
2026-01-03 23:44:14,398 - src.trainer - ERROR - Error training lstm for NVDA: Found input variables with inconsistent numbers of samples: [443, 503]
2026-01-03 23:44:14,400 - SklearnModel - INFO - Training random_forest...
2026-01-03 23:44:16,358 - src.trainer - ERROR - Error training random_forest for NVDA: Found input variables with inconsistent numbers of samples: [443, 503]
2026-01-03 23:44:16,365 - SklearnModel - INFO - Training linear_regression...
2026-01-03 23:44:16,365 - SklearnModel - INFO - Training linear_regression...
2026-01-03 23:44:16,387 - src.trainer - ERROR - Error training linear_regression for NVDA: Found input variables with inconsistent numbers of samples: [443, 503]
2026-01-03 23:44:16,387 - src.trainer - INFO - --- Processing AAPL ---
2026-01-03 23:44:16,389 - src.data_loader - INFO - Downloading data for AAPL (Period: 10y)...
2026-01-03 23:44:18,190 - src.data_loader - INFO - Successfully loaded 2515 rows for AAPL.
2026-01-03 23:44:18,190 - src.feature_eng - INFO - Data preprocessed. Train len: 2012, Test input len: 563
2026-01-03 23:44:18,190 - LSTMModel - INFO - Building LSTM architecture...
2026-01-03 23:44:18,190 - LSTMModel - INFO - Building LSTM architecture...
2026-01-03 23:44:18,308 - LSTMModel - INFO - Training LSTM...
2026-01-03 23:44:18,308 - LSTMModel - INFO - Training LSTM...
2026-01-03 23:46:20,013 - src.trainer - ERROR - Error training lstm for AAPL: Found input variables with inconsistent numbers of samples: [443, 503]
2026-01-03 23:46:20,017 - SklearnModel - INFO - Training random_forest...
2026-01-03 23:46:20,017 - SklearnModel - INFO - Training random_forest...
2026-01-03 23:46:20,017 - SklearnModel - INFO - Training random_forest...
2026-01-03 23:46:21,944 - src.trainer - ERROR - Error training random_forest for AAPL: Found input variables with inconsistent numbers of samples: [443, 503]
2026-01-03 23:46:21,944 - SklearnModel - INFO - Training linear_regression...
2026-01-03 23:46:21,944 - SklearnModel - INFO - Training linear_regression...
2026-01-03 23:46:21,944 - SklearnModel - INFO - Training linear_regression...
2026-01-03 23:46:21,944 - SklearnModel - INFO - Training linear_regression...
2026-01-03 23:46:21,974 - src.trainer - ERROR - Error training linear_regression for AAPL: Found input variables with inconsistent numbers of samples: [443, 503]
2026-01-03 23:46:21,975 - src.trainer - INFO - --- Processing GOOGL ---
2026-01-03 23:46:21,975 - src.data_loader - INFO - Downloading data for GOOGL (Period: 10y)...
2026-01-03 23:46:25,487 - src.data_loader - INFO - Successfully loaded 2515 rows for GOOGL.
2026-01-03 23:46:25,487 - src.feature_eng - INFO - Data preprocessed. Train len: 2012, Test input len: 563
2026-01-03 23:46:25,487 - LSTMModel - INFO - Building LSTM architecture...
2026-01-03 23:46:25,487 - LSTMModel - INFO - Building LSTM architecture...
2026-01-03 23:46:25,487 - LSTMModel - INFO - Building LSTM architecture...
2026-01-03 23:46:25,593 - LSTMModel - INFO - Training LSTM...
2026-01-03 23:46:25,593 - LSTMModel - INFO - Training LSTM...
2026-01-03 23:46:25,593 - LSTMModel - INFO - Training LSTM...
2026-01-03 23:48:56,451 - src.trainer - ERROR - Error training lstm for GOOGL: Found input variables with inconsistent numbers of samples: [443, 503]
2026-01-03 23:48:56,451 - SklearnModel - INFO - Training random_forest...
2026-01-03 23:48:56,451 - SklearnModel - INFO - Training random_forest...
2026-01-03 23:48:56,451 - SklearnModel - INFO - Training random_forest...
2026-01-03 23:48:56,451 - SklearnModel - INFO - Training random_forest...
2026-01-03 23:48:56,451 - SklearnModel - INFO - Training random_forest...
2026-01-03 23:48:58,316 - src.trainer - ERROR - Error training random_forest for GOOGL: Found input variables with inconsistent numbers of samples: [443, 503]
2026-01-03 23:48:58,316 - SklearnModel - INFO - Training linear_regression...
2026-01-03 23:48:58,316 - SklearnModel - INFO - Training linear_regression...
2026-01-03 23:48:58,316 - SklearnModel - INFO - Training linear_regression...
2026-01-03 23:48:58,316 - SklearnModel - INFO - Training linear_regression...
2026-01-03 23:48:58,316 - SklearnModel - INFO - Training linear_regression...
2026-01-03 23:48:58,316 - SklearnModel - INFO - Training linear_regression...
2026-01-03 23:48:58,348 - src.trainer - ERROR - Error training linear_regression for GOOGL: Found input variables with inconsistent numbers of samples: [443, 503]
2026-01-03 23:48:58,348 - src.trainer - INFO - --- Processing MSFT ---
2026-01-03 23:48:58,348 - src.data_loader - INFO - Downloading data for MSFT (Period: 10y)...
2026-01-03 23:49:01,199 - src.data_loader - INFO - Successfully loaded 2515 rows for MSFT.
2026-01-03 23:49:01,200 - src.feature_eng - INFO - Data preprocessed. Train len: 2012, Test input len: 563
2026-01-03 23:49:01,209 - LSTMModel - INFO - Building LSTM architecture...
2026-01-03 23:49:01,209 - LSTMModel - INFO - Building LSTM architecture...
2026-01-03 23:49:01,209 - LSTMModel - INFO - Building LSTM architecture...
2026-01-03 23:49:01,209 - LSTMModel - INFO - Building LSTM architecture...
2026-01-03 23:49:01,316 - LSTMModel - INFO - Training LSTM...
2026-01-03 23:49:01,316 - LSTMModel - INFO - Training LSTM...
2026-01-03 23:49:01,316 - LSTMModel - INFO - Training LSTM...
2026-01-03 23:49:01,316 - LSTMModel - INFO - Training LSTM...
2026-01-03 23:50:04,269 - src.trainer - ERROR - Error training lstm for MSFT: Found input variables with inconsistent numbers of samples: [443, 503]
2026-01-03 23:50:04,269 - SklearnModel - INFO - Training random_forest...
2026-01-03 23:50:04,269 - SklearnModel - INFO - Training random_forest...
2026-01-03 23:50:04,269 - SklearnModel - INFO - Training random_forest...
2026-01-03 23:50:04,269 - SklearnModel - INFO - Training random_forest...
2026-01-03 23:50:04,269 - SklearnModel - INFO - Training random_forest...
2026-01-03 23:50:04,269 - SklearnModel - INFO - Training random_forest...
2026-01-03 23:50:04,269 - SklearnModel - INFO - Training random_forest...
2026-01-03 23:50:06,094 - src.trainer - ERROR - Error training random_forest for MSFT: Found input variables with inconsistent numbers of samples: [443, 503]
2026-01-03 23:50:06,094 - SklearnModel - INFO - Training linear_regression...
2026-01-03 23:50:06,094 - SklearnModel - INFO - Training linear_regression...
2026-01-03 23:50:06,094 - SklearnModel - INFO - Training linear_regression...
2026-01-03 23:50:06,094 - SklearnModel - INFO - Training linear_regression...
2026-01-03 23:50:06,094 - SklearnModel - INFO - Training linear_regression...
2026-01-03 23:50:06,094 - SklearnModel - INFO - Training linear_regression...
2026-01-03 23:50:06,094 - SklearnModel - INFO - Training linear_regression...
2026-01-03 23:50:06,094 - SklearnModel - INFO - Training linear_regression...
2026-01-03 23:50:06,126 - src.trainer - ERROR - Error training linear_regression for MSFT: Found input variables with inconsistent numbers of samples: [443, 503]
2026-01-03 23:50:06,126 - src.trainer - INFO - --- Processing AMZN ---
2026-01-03 23:50:06,127 - src.data_loader - INFO - Downloading data for AMZN (Period: 10y)...
2026-01-03 23:50:17,279 - src.data_loader - ERROR - No data returned for symbol: AMZN
2026-01-03 23:50:17,279 - Main - INFO - Training complete. Models saved.
2026-01-05 14:27:21,354 - Main - INFO - Application starting...
2026-01-05 14:27:21,357 - src.trainer - INFO - Starting training session for tickers: ['NVDA', 'AAPL', 'GOOGL', 'MSFT', 'AMZN']
2026-01-05 14:27:21,357 - src.trainer - INFO - --- Processing NVDA ---
2026-01-05 14:27:21,357 - src.data_loader - INFO - Downloading data for NVDA (Period: 10y)...
2026-01-05 14:27:28,836 - src.data_loader - INFO - Successfully loaded 2515 rows for NVDA.
2026-01-05 14:27:28,837 - src.feature_eng - INFO - Data preprocessed. Train len: 2012, Test input len: 563
2026-01-05 14:27:28,842 - LSTMModel - INFO - Building LSTM architecture...
2026-01-05 14:27:29,104 - LSTMModel - INFO - Training LSTM...
2026-01-05 14:28:25,489 - src.trainer - ERROR - Error training lstm for NVDA: Found input variables with inconsistent numbers of samples: [443, 503]
2026-01-05 14:28:25,491 - SklearnModel - INFO - Training random_forest...
2026-01-05 14:28:26,878 - src.trainer - ERROR - Error training random_forest for NVDA: Found input variables with inconsistent numbers of samples: [443, 503]
2026-01-05 14:28:26,883 - SklearnModel - INFO - Training linear_regression...
2026-01-05 14:28:26,883 - SklearnModel - INFO - Training linear_regression...
2026-01-05 14:28:26,902 - src.trainer - ERROR - Error training linear_regression for NVDA: Found input variables with inconsistent numbers of samples: [443, 503]
2026-01-05 14:28:26,902 - src.trainer - INFO - --- Processing AAPL ---
2026-01-05 14:28:26,902 - src.data_loader - INFO - Downloading data for AAPL (Period: 10y)...
2026-01-05 14:28:28,727 - src.data_loader - INFO - Successfully loaded 2515 rows for AAPL.
2026-01-05 14:28:28,729 - src.feature_eng - INFO - Data preprocessed. Train len: 2012, Test input len: 563
2026-01-05 14:28:28,735 - LSTMModel - INFO - Building LSTM architecture...
2026-01-05 14:28:28,735 - LSTMModel - INFO - Building LSTM architecture...
2026-01-05 14:28:28,805 - LSTMModel - INFO - Training LSTM...
2026-01-05 14:28:28,805 - LSTMModel - INFO - Training LSTM...
2026-01-05 14:30:00,552 - src.trainer - ERROR - Error training lstm for AAPL: Found input variables with inconsistent numbers of samples: [443, 503]
2026-01-05 14:30:00,552 - SklearnModel - INFO - Training random_forest...
2026-01-05 14:30:00,552 - SklearnModel - INFO - Training random_forest...
2026-01-05 14:30:00,552 - SklearnModel - INFO - Training random_forest...
2026-01-05 14:30:01,848 - src.trainer - ERROR - Error training random_forest for AAPL: Found input variables with inconsistent numbers of samples: [443, 503]
2026-01-05 14:30:01,856 - SklearnModel - INFO - Training linear_regression...
2026-01-05 14:30:01,856 - SklearnModel - INFO - Training linear_regression...
2026-01-05 14:30:01,856 - SklearnModel - INFO - Training linear_regression...
2026-01-05 14:30:01,856 - SklearnModel - INFO - Training linear_regression...
2026-01-05 14:30:01,868 - src.trainer - ERROR - Error training linear_regression for AAPL: Found input variables with inconsistent numbers of samples: [443, 503]
2026-01-05 14:30:01,868 - src.trainer - INFO - --- Processing GOOGL ---
2026-01-05 14:30:01,868 - src.data_loader - INFO - Downloading data for GOOGL (Period: 10y)...
2026-01-05 14:30:03,544 - src.data_loader - INFO - Successfully loaded 2515 rows for GOOGL.
2026-01-05 14:30:03,544 - src.feature_eng - INFO - Data preprocessed. Train len: 2012, Test input len: 563
2026-01-05 14:30:03,544 - LSTMModel - INFO - Building LSTM architecture...
2026-01-05 14:30:03,544 - LSTMModel - INFO - Building LSTM architecture...
2026-01-05 14:30:03,544 - LSTMModel - INFO - Building LSTM architecture...
2026-01-05 14:30:03,609 - LSTMModel - INFO - Training LSTM...
2026-01-05 14:30:03,609 - LSTMModel - INFO - Training LSTM...
2026-01-05 14:30:03,609 - LSTMModel - INFO - Training LSTM...
2026-01-05 14:31:27,315 - src.trainer - ERROR - Error training lstm for GOOGL: Found input variables with inconsistent numbers of samples: [443, 503]
2026-01-05 14:31:27,315 - SklearnModel - INFO - Training random_forest...
2026-01-05 14:31:27,315 - SklearnModel - INFO - Training random_forest...
2026-01-05 14:31:27,315 - SklearnModel - INFO - Training random_forest...
2026-01-05 14:31:27,315 - SklearnModel - INFO - Training random_forest...
2026-01-05 14:31:27,315 - SklearnModel - INFO - Training random_forest...
2026-01-05 14:31:29,023 - src.trainer - ERROR - Error training random_forest for GOOGL: Found input variables with inconsistent numbers of samples: [443, 503]
2026-01-05 14:31:29,029 - SklearnModel - INFO - Training linear_regression...
2026-01-05 14:31:29,029 - SklearnModel - INFO - Training linear_regression...
2026-01-05 14:31:29,029 - SklearnModel - INFO - Training linear_regression...
2026-01-05 14:31:29,029 - SklearnModel - INFO - Training linear_regression...
2026-01-05 14:31:29,029 - SklearnModel - INFO - Training linear_regression...
2026-01-05 14:31:29,029 - SklearnModel - INFO - Training linear_regression...
2026-01-05 14:31:29,042 - src.trainer - ERROR - Error training linear_regression for GOOGL: Found input variables with inconsistent numbers of samples: [443, 503]
2026-01-05 14:31:29,043 - src.trainer - INFO - --- Processing MSFT ---
2026-01-05 14:31:29,044 - src.data_loader - INFO - Downloading data for MSFT (Period: 10y)...
2026-01-05 14:31:31,488 - src.data_loader - INFO - Successfully loaded 2515 rows for MSFT.
2026-01-05 14:31:31,488 - src.feature_eng - INFO - Data preprocessed. Train len: 2012, Test input len: 563
2026-01-05 14:31:31,488 - LSTMModel - INFO - Building LSTM architecture...
2026-01-05 14:31:31,488 - LSTMModel - INFO - Building LSTM architecture...
2026-01-05 14:31:31,488 - LSTMModel - INFO - Building LSTM architecture...
2026-01-05 14:31:31,488 - LSTMModel - INFO - Building LSTM architecture...
2026-01-05 14:31:31,537 - LSTMModel - INFO - Training LSTM...
2026-01-05 14:31:31,537 - LSTMModel - INFO - Training LSTM...
2026-01-05 14:31:31,537 - LSTMModel - INFO - Training LSTM...
2026-01-05 14:31:31,537 - LSTMModel - INFO - Training LSTM...
2026-01-05 14:33:06,372 - src.trainer - ERROR - Error training lstm for MSFT: Found input variables with inconsistent numbers of samples: [443, 503]
2026-01-05 14:33:06,373 - SklearnModel - INFO - Training random_forest...
2026-01-05 14:33:06,373 - SklearnModel - INFO - Training random_forest...
2026-01-05 14:33:06,373 - SklearnModel - INFO - Training random_forest...
2026-01-05 14:33:06,373 - SklearnModel - INFO - Training random_forest...
2026-01-05 14:33:06,373 - SklearnModel - INFO - Training random_forest...
2026-01-05 14:33:06,373 - SklearnModel - INFO - Training random_forest...
2026-01-05 14:33:06,373 - SklearnModel - INFO - Training random_forest...
2026-01-05 14:33:08,052 - src.trainer - ERROR - Error training random_forest for MSFT: Found input variables with inconsistent numbers of samples: [443, 503]
2026-01-05 14:33:08,056 - SklearnModel - INFO - Training linear_regression...
2026-01-05 14:33:08,056 - SklearnModel - INFO - Training linear_regression...
2026-01-05 14:33:08,056 - SklearnModel - INFO - Training linear_regression...
2026-01-05 14:33:08,056 - SklearnModel - INFO - Training linear_regression...
2026-01-05 14:33:08,056 - SklearnModel - INFO - Training linear_regression...
2026-01-05 14:33:08,056 - SklearnModel - INFO - Training linear_regression...
2026-01-05 14:33:08,056 - SklearnModel - INFO - Training linear_regression...
2026-01-05 14:33:08,056 - SklearnModel - INFO - Training linear_regression...
2026-01-05 14:33:08,071 - src.trainer - ERROR - Error training linear_regression for MSFT: Found input variables with inconsistent numbers of samples: [443, 503]
2026-01-05 14:33:08,072 - src.trainer - INFO - --- Processing AMZN ---
2026-01-05 14:33:08,072 - src.data_loader - INFO - Downloading data for AMZN (Period: 10y)...
2026-01-05 14:33:09,997 - src.data_loader - INFO - Successfully loaded 2515 rows for AMZN.
2026-01-05 14:33:09,997 - src.feature_eng - INFO - Data preprocessed. Train len: 2012, Test input len: 563
2026-01-05 14:33:10,007 - LSTMModel - INFO - Building LSTM architecture...
2026-01-05 14:33:10,007 - LSTMModel - INFO - Building LSTM architecture...
2026-01-05 14:33:10,007 - LSTMModel - INFO - Building LSTM architecture...
2026-01-05 14:33:10,007 - LSTMModel - INFO - Building LSTM architecture...
2026-01-05 14:33:10,007 - LSTMModel - INFO - Building LSTM architecture...
2026-01-05 14:33:10,068 - LSTMModel - INFO - Training LSTM...
2026-01-05 14:33:10,068 - LSTMModel - INFO - Training LSTM...
2026-01-05 14:33:10,068 - LSTMModel - INFO - Training LSTM...
2026-01-05 14:33:10,068 - LSTMModel - INFO - Training LSTM...
2026-01-05 14:33:10,068 - LSTMModel - INFO - Training LSTM...
2026-01-05 14:35:23,481 - src.trainer - ERROR - Error training lstm for AMZN: Found input variables with inconsistent numbers of samples: [443, 503]
2026-01-05 14:35:23,483 - SklearnModel - INFO - Training random_forest...
2026-01-05 14:35:23,483 - SklearnModel - INFO - Training random_forest...
2026-01-05 14:35:23,483 - SklearnModel - INFO - Training random_forest...
2026-01-05 14:35:23,483 - SklearnModel - INFO - Training random_forest...
2026-01-05 14:35:23,483 - SklearnModel - INFO - Training random_forest...
2026-01-05 14:35:23,483 - SklearnModel - INFO - Training random_forest...
2026-01-05 14:35:23,483 - SklearnModel - INFO - Training random_forest...
2026-01-05 14:35:23,483 - SklearnModel - INFO - Training random_forest...
2026-01-05 14:35:23,483 - SklearnModel - INFO - Training random_forest...
2026-01-05 14:35:25,202 - src.trainer - ERROR - Error training random_forest for AMZN: Found input variables with inconsistent numbers of samples: [443, 503]
2026-01-05 14:35:25,202 - SklearnModel - INFO - Training linear_regression...
2026-01-05 14:35:25,202 - SklearnModel - INFO - Training linear_regression...
2026-01-05 14:35:25,202 - SklearnModel - INFO - Training linear_regression...
2026-01-05 14:35:25,202 - SklearnModel - INFO - Training linear_regression...
2026-01-05 14:35:25,202 - SklearnModel - INFO - Training linear_regression...
2026-01-05 14:35:25,202 - SklearnModel - INFO - Training linear_regression...
2026-01-05 14:35:25,202 - SklearnModel - INFO - Training linear_regression...
2026-01-05 14:35:25,202 - SklearnModel - INFO - Training linear_regression...
2026-01-05 14:35:25,202 - SklearnModel - INFO - Training linear_regression...
2026-01-05 14:35:25,202 - SklearnModel - INFO - Training linear_regression...
2026-01-05 14:35:25,219 - src.trainer - ERROR - Error training linear_regression for AMZN: Found input variables with inconsistent numbers of samples: [443, 503]
2026-01-05 14:35:25,222 - Main - INFO - Training complete. Models saved.
2026-01-05 16:16:34,153 - Main - INFO - Application starting...
2026-01-05 16:16:34,161 - src.trainer - INFO - Starting training session for tickers: ['NVDA', 'AAPL', 'GOOGL', 'MSFT', 'AMZN']
2026-01-05 16:16:34,164 - src.trainer - INFO - --- Processing NVDA ---
2026-01-05 16:16:34,164 - src.data_loader - INFO - Downloading data for NVDA (Period: 10y)...
2026-01-05 16:16:38,496 - src.data_loader - INFO - Successfully loaded 2515 rows for NVDA.
2026-01-05 16:16:38,496 - src.feature_eng - INFO - Data preprocessed. Train len: 2012, Test input len: 563
2026-01-05 16:16:38,502 - LSTMModel - INFO - Building LSTM architecture...
2026-01-05 16:16:38,802 - LSTMModel - INFO - Training LSTM...
2026-01-05 16:18:02,966 - src.trainer - INFO - [NVDA] lstm Results -> RMSE: 29.4403, MAE: 24.4237
2026-01-05 16:18:02,967 - LSTMModel - INFO - Saving LSTM to models\NVDA_lstm.keras
2026-01-05 16:18:03,050 - SklearnModel - INFO - Training random_forest...
2026-01-05 16:18:04,577 - src.trainer - INFO - [NVDA] random_forest Results -> RMSE: 90.3374, MAE: 82.6118
2026-01-05 16:18:04,577 - SklearnModel - INFO - Saving random_forest to models\NVDA_random_forest.pkl
2026-01-05 16:18:04,647 - SklearnModel - INFO - Training linear_regression...
2026-01-05 16:18:04,647 - SklearnModel - INFO - Training linear_regression...
2026-01-05 16:18:04,675 - src.trainer - INFO - [NVDA] linear_regression Results -> RMSE: 4.0692, MAE: 3.0615
2026-01-05 16:18:04,676 - SklearnModel - INFO - Saving linear_regression to models\NVDA_linear_regression.pkl
2026-01-05 16:18:04,676 - SklearnModel - INFO - Saving linear_regression to models\NVDA_linear_regression.pkl
2026-01-05 16:18:04,679 - src.trainer - INFO - --- Processing AAPL ---
2026-01-05 16:18:04,679 - src.data_loader - INFO - Downloading data for AAPL (Period: 10y)...
2026-01-05 16:18:06,405 - src.data_loader - INFO - Successfully loaded 2515 rows for AAPL.
2026-01-05 16:18:06,406 - src.feature_eng - INFO - Data preprocessed. Train len: 2012, Test input len: 563
2026-01-05 16:18:06,410 - LSTMModel - INFO - Building LSTM architecture...
2026-01-05 16:18:06,410 - LSTMModel - INFO - Building LSTM architecture...
2026-01-05 16:18:06,468 - LSTMModel - INFO - Training LSTM...
2026-01-05 16:18:06,468 - LSTMModel - INFO - Training LSTM...
2026-01-05 16:19:29,796 - src.trainer - INFO - [AAPL] lstm Results -> RMSE: 7.3927, MAE: 5.7787
2026-01-05 16:19:29,797 - LSTMModel - INFO - Saving LSTM to models\AAPL_lstm.keras
2026-01-05 16:19:29,797 - LSTMModel - INFO - Saving LSTM to models\AAPL_lstm.keras
2026-01-05 16:19:29,849 - SklearnModel - INFO - Training random_forest...
2026-01-05 16:19:29,849 - SklearnModel - INFO - Training random_forest...
2026-01-05 16:19:29,849 - SklearnModel - INFO - Training random_forest...
2026-01-05 16:19:31,748 - src.trainer - INFO - [AAPL] random_forest Results -> RMSE: 38.1197, MAE: 29.3424
2026-01-05 16:19:31,748 - SklearnModel - INFO - Saving random_forest to models\AAPL_random_forest.pkl
2026-01-05 16:19:31,748 - SklearnModel - INFO - Saving random_forest to models\AAPL_random_forest.pkl
2026-01-05 16:19:31,748 - SklearnModel - INFO - Saving random_forest to models\AAPL_random_forest.pkl
2026-01-05 16:19:31,817 - SklearnModel - INFO - Training linear_regression...
2026-01-05 16:19:31,817 - SklearnModel - INFO - Training linear_regression...
2026-01-05 16:19:31,817 - SklearnModel - INFO - Training linear_regression...
2026-01-05 16:19:31,817 - SklearnModel - INFO - Training linear_regression...
2026-01-05 16:19:31,829 - src.trainer - INFO - [AAPL] linear_regression Results -> RMSE: 3.7806, MAE: 2.6514
2026-01-05 16:19:31,829 - SklearnModel - INFO - Saving linear_regression to models\AAPL_linear_regression.pkl
2026-01-05 16:19:31,829 - SklearnModel - INFO - Saving linear_regression to models\AAPL_linear_regression.pkl
2026-01-05 16:19:31,829 - SklearnModel - INFO - Saving linear_regression to models\AAPL_linear_regression.pkl
2026-01-05 16:19:31,829 - SklearnModel - INFO - Saving linear_regression to models\AAPL_linear_regression.pkl
2026-01-05 16:19:31,833 - src.trainer - INFO - --- Processing GOOGL ---
2026-01-05 16:19:31,834 - src.data_loader - INFO - Downloading data for GOOGL (Period: 10y)...
2026-01-05 16:19:33,436 - src.data_loader - INFO - Successfully loaded 2515 rows for GOOGL.
2026-01-05 16:19:33,437 - src.feature_eng - INFO - Data preprocessed. Train len: 2012, Test input len: 563
2026-01-05 16:19:33,441 - LSTMModel - INFO - Building LSTM architecture...
2026-01-05 16:19:33,441 - LSTMModel - INFO - Building LSTM architecture...
2026-01-05 16:19:33,441 - LSTMModel - INFO - Building LSTM architecture...
2026-01-05 16:19:33,495 - LSTMModel - INFO - Training LSTM...
2026-01-05 16:19:33,495 - LSTMModel - INFO - Training LSTM...
2026-01-05 16:19:33,495 - LSTMModel - INFO - Training LSTM...
2026-01-05 16:21:40,671 - src.trainer - INFO - [GOOGL] lstm Results -> RMSE: 15.4805, MAE: 10.4630
2026-01-05 16:21:40,671 - LSTMModel - INFO - Saving LSTM to models\GOOGL_lstm.keras
2026-01-05 16:21:40,671 - LSTMModel - INFO - Saving LSTM to models\GOOGL_lstm.keras
2026-01-05 16:21:40,671 - LSTMModel - INFO - Saving LSTM to models\GOOGL_lstm.keras
2026-01-05 16:21:40,731 - SklearnModel - INFO - Training random_forest...
2026-01-05 16:21:40,731 - SklearnModel - INFO - Training random_forest...
2026-01-05 16:21:40,731 - SklearnModel - INFO - Training random_forest...
2026-01-05 16:21:40,731 - SklearnModel - INFO - Training random_forest...
2026-01-05 16:21:40,731 - SklearnModel - INFO - Training random_forest...
2026-01-05 16:21:43,107 - src.trainer - INFO - [GOOGL] random_forest Results -> RMSE: 61.7548, MAE: 42.8213
2026-01-05 16:21:43,107 - SklearnModel - INFO - Saving random_forest to models\GOOGL_random_forest.pkl
2026-01-05 16:21:43,107 - SklearnModel - INFO - Saving random_forest to models\GOOGL_random_forest.pkl
2026-01-05 16:21:43,107 - SklearnModel - INFO - Saving random_forest to models\GOOGL_random_forest.pkl
2026-01-05 16:21:43,107 - SklearnModel - INFO - Saving random_forest to models\GOOGL_random_forest.pkl
2026-01-05 16:21:43,107 - SklearnModel - INFO - Saving random_forest to models\GOOGL_random_forest.pkl
2026-01-05 16:21:43,253 - SklearnModel - INFO - Training linear_regression...
2026-01-05 16:21:43,253 - SklearnModel - INFO - Training linear_regression...
2026-01-05 16:21:43,253 - SklearnModel - INFO - Training linear_regression...
2026-01-05 16:21:43,253 - SklearnModel - INFO - Training linear_regression...
2026-01-05 16:21:43,253 - SklearnModel - INFO - Training linear_regression...
2026-01-05 16:21:43,253 - SklearnModel - INFO - Training linear_regression...
2026-01-05 16:21:43,270 - src.trainer - INFO - [GOOGL] linear_regression Results -> RMSE: 3.7373, MAE: 2.6391
2026-01-05 16:21:43,270 - SklearnModel - INFO - Saving linear_regression to models\GOOGL_linear_regression.pkl
2026-01-05 16:21:43,270 - SklearnModel - INFO - Saving linear_regression to models\GOOGL_linear_regression.pkl
2026-01-05 16:21:43,270 - SklearnModel - INFO - Saving linear_regression to models\GOOGL_linear_regression.pkl
2026-01-05 16:21:43,270 - SklearnModel - INFO - Saving linear_regression to models\GOOGL_linear_regression.pkl
2026-01-05 16:21:43,270 - SklearnModel - INFO - Saving linear_regression to models\GOOGL_linear_regression.pkl
2026-01-05 16:21:43,270 - SklearnModel - INFO - Saving linear_regression to models\GOOGL_linear_regression.pkl
2026-01-05 16:21:43,281 - src.trainer - INFO - --- Processing MSFT ---
2026-01-05 16:21:43,281 - src.data_loader - INFO - Downloading data for MSFT (Period: 10y)...
2026-01-05 16:21:45,274 - src.data_loader - INFO - Successfully loaded 2515 rows for MSFT.
2026-01-05 16:21:45,277 - src.feature_eng - INFO - Data preprocessed. Train len: 2012, Test input len: 563
2026-01-05 16:21:45,283 - LSTMModel - INFO - Building LSTM architecture...
2026-01-05 16:21:45,283 - LSTMModel - INFO - Building LSTM architecture...
2026-01-05 16:21:45,283 - LSTMModel - INFO - Building LSTM architecture...
2026-01-05 16:21:45,283 - LSTMModel - INFO - Building LSTM architecture...
2026-01-05 16:21:45,357 - LSTMModel - INFO - Training LSTM...
2026-01-05 16:21:45,357 - LSTMModel - INFO - Training LSTM...
2026-01-05 16:21:45,357 - LSTMModel - INFO - Training LSTM...
2026-01-05 16:21:45,357 - LSTMModel - INFO - Training LSTM...
2026-01-05 16:22:24,570 - src.trainer - INFO - [MSFT] lstm Results -> RMSE: 27.6036, MAE: 24.1112
2026-01-05 16:22:24,571 - LSTMModel - INFO - Saving LSTM to models\MSFT_lstm.keras
2026-01-05 16:22:24,571 - LSTMModel - INFO - Saving LSTM to models\MSFT_lstm.keras
2026-01-05 16:22:24,571 - LSTMModel - INFO - Saving LSTM to models\MSFT_lstm.keras
2026-01-05 16:22:24,571 - LSTMModel - INFO - Saving LSTM to models\MSFT_lstm.keras
2026-01-05 16:22:24,613 - SklearnModel - INFO - Training random_forest...
2026-01-05 16:22:24,613 - SklearnModel - INFO - Training random_forest...
2026-01-05 16:22:24,613 - SklearnModel - INFO - Training random_forest...
2026-01-05 16:22:24,613 - SklearnModel - INFO - Training random_forest...
2026-01-05 16:22:24,613 - SklearnModel - INFO - Training random_forest...
2026-01-05 16:22:24,613 - SklearnModel - INFO - Training random_forest...
2026-01-05 16:22:24,613 - SklearnModel - INFO - Training random_forest...
2026-01-05 16:22:26,328 - src.trainer - INFO - [MSFT] random_forest Results -> RMSE: 81.7560, MAE: 68.7972
2026-01-05 16:22:26,328 - SklearnModel - INFO - Saving random_forest to models\MSFT_random_forest.pkl
2026-01-05 16:22:26,328 - SklearnModel - INFO - Saving random_forest to models\MSFT_random_forest.pkl
2026-01-05 16:22:26,328 - SklearnModel - INFO - Saving random_forest to models\MSFT_random_forest.pkl
2026-01-05 16:22:26,328 - SklearnModel - INFO - Saving random_forest to models\MSFT_random_forest.pkl
2026-01-05 16:22:26,328 - SklearnModel - INFO - Saving random_forest to models\MSFT_random_forest.pkl
2026-01-05 16:22:26,328 - SklearnModel - INFO - Saving random_forest to models\MSFT_random_forest.pkl
2026-01-05 16:22:26,328 - SklearnModel - INFO - Saving random_forest to models\MSFT_random_forest.pkl
2026-01-05 16:22:26,391 - SklearnModel - INFO - Training linear_regression...
2026-01-05 16:22:26,391 - SklearnModel - INFO - Training linear_regression...
2026-01-05 16:22:26,391 - SklearnModel - INFO - Training linear_regression...
2026-01-05 16:22:26,391 - SklearnModel - INFO - Training linear_regression...
2026-01-05 16:22:26,391 - SklearnModel - INFO - Training linear_regression...
2026-01-05 16:22:26,391 - SklearnModel - INFO - Training linear_regression...
2026-01-05 16:22:26,391 - SklearnModel - INFO - Training linear_regression...
2026-01-05 16:22:26,391 - SklearnModel - INFO - Training linear_regression...
2026-01-05 16:22:26,403 - src.trainer - INFO - [MSFT] linear_regression Results -> RMSE: 6.0902, MAE: 4.3923
2026-01-05 16:22:26,403 - SklearnModel - INFO - Saving linear_regression to models\MSFT_linear_regression.pkl
2026-01-05 16:22:26,403 - SklearnModel - INFO - Saving linear_regression to models\MSFT_linear_regression.pkl
2026-01-05 16:22:26,403 - SklearnModel - INFO - Saving linear_regression to models\MSFT_linear_regression.pkl
2026-01-05 16:22:26,403 - SklearnModel - INFO - Saving linear_regression to models\MSFT_linear_regression.pkl
2026-01-05 16:22:26,403 - SklearnModel - INFO - Saving linear_regression to models\MSFT_linear_regression.pkl
2026-01-05 16:22:26,403 - SklearnModel - INFO - Saving linear_regression to models\MSFT_linear_regression.pkl
2026-01-05 16:22:26,403 - SklearnModel - INFO - Saving linear_regression to models\MSFT_linear_regression.pkl
2026-01-05 16:22:26,403 - SklearnModel - INFO - Saving linear_regression to models\MSFT_linear_regression.pkl
2026-01-05 16:22:26,406 - src.trainer - INFO - --- Processing AMZN ---
2026-01-05 16:22:26,406 - src.data_loader - INFO - Downloading data for AMZN (Period: 10y)...
2026-01-05 16:22:28,041 - src.data_loader - INFO - Successfully loaded 2515 rows for AMZN.
2026-01-05 16:22:28,042 - src.feature_eng - INFO - Data preprocessed. Train len: 2012, Test input len: 563
2026-01-05 16:22:28,047 - LSTMModel - INFO - Building LSTM architecture...
2026-01-05 16:22:28,047 - LSTMModel - INFO - Building LSTM architecture...
2026-01-05 16:22:28,047 - LSTMModel - INFO - Building LSTM architecture...
2026-01-05 16:22:28,047 - LSTMModel - INFO - Building LSTM architecture...
2026-01-05 16:22:28,047 - LSTMModel - INFO - Building LSTM architecture...
2026-01-05 16:22:28,101 - LSTMModel - INFO - Training LSTM...
2026-01-05 16:22:28,101 - LSTMModel - INFO - Training LSTM...
2026-01-05 16:22:28,101 - LSTMModel - INFO - Training LSTM...
2026-01-05 16:22:28,101 - LSTMModel - INFO - Training LSTM...
2026-01-05 16:22:28,101 - LSTMModel - INFO - Training LSTM...
2026-01-05 16:24:05,466 - src.trainer - INFO - [AMZN] lstm Results -> RMSE: 10.2654, MAE: 9.0110
2026-01-05 16:24:05,466 - LSTMModel - INFO - Saving LSTM to models\AMZN_lstm.keras
2026-01-05 16:24:05,466 - LSTMModel - INFO - Saving LSTM to models\AMZN_lstm.keras
2026-01-05 16:24:05,466 - LSTMModel - INFO - Saving LSTM to models\AMZN_lstm.keras
2026-01-05 16:24:05,466 - LSTMModel - INFO - Saving LSTM to models\AMZN_lstm.keras
2026-01-05 16:24:05,466 - LSTMModel - INFO - Saving LSTM to models\AMZN_lstm.keras
2026-01-05 16:24:05,515 - SklearnModel - INFO - Training random_forest...
2026-01-05 16:24:05,515 - SklearnModel - INFO - Training random_forest...
2026-01-05 16:24:05,515 - SklearnModel - INFO - Training random_forest...
2026-01-05 16:24:05,515 - SklearnModel - INFO - Training random_forest...
2026-01-05 16:24:05,515 - SklearnModel - INFO - Training random_forest...
2026-01-05 16:24:05,515 - SklearnModel - INFO - Training random_forest...
2026-01-05 16:24:05,515 - SklearnModel - INFO - Training random_forest...
2026-01-05 16:24:05,515 - SklearnModel - INFO - Training random_forest...
2026-01-05 16:24:05,515 - SklearnModel - INFO - Training random_forest...
2026-01-05 16:24:07,842 - src.trainer - INFO - [AMZN] random_forest Results -> RMSE: 32.2013, MAE: 24.8541
2026-01-05 16:24:07,842 - SklearnModel - INFO - Saving random_forest to models\AMZN_random_forest.pkl
2026-01-05 16:24:07,842 - SklearnModel - INFO - Saving random_forest to models\AMZN_random_forest.pkl
2026-01-05 16:24:07,842 - SklearnModel - INFO - Saving random_forest to models\AMZN_random_forest.pkl
2026-01-05 16:24:07,842 - SklearnModel - INFO - Saving random_forest to models\AMZN_random_forest.pkl
2026-01-05 16:24:07,842 - SklearnModel - INFO - Saving random_forest to models\AMZN_random_forest.pkl
2026-01-05 16:24:07,842 - SklearnModel - INFO - Saving random_forest to models\AMZN_random_forest.pkl
2026-01-05 16:24:07,842 - SklearnModel - INFO - Saving random_forest to models\AMZN_random_forest.pkl
2026-01-05 16:24:07,842 - SklearnModel - INFO - Saving random_forest to models\AMZN_random_forest.pkl
2026-01-05 16:24:07,842 - SklearnModel - INFO - Saving random_forest to models\AMZN_random_forest.pkl
2026-01-05 16:24:07,929 - SklearnModel - INFO - Training linear_regression...
2026-01-05 16:24:07,929 - SklearnModel - INFO - Training linear_regression...
2026-01-05 16:24:07,929 - SklearnModel - INFO - Training linear_regression...
2026-01-05 16:24:07,929 - SklearnModel - INFO - Training linear_regression...
2026-01-05 16:24:07,929 - SklearnModel - INFO - Training linear_regression...
2026-01-05 16:24:07,929 - SklearnModel - INFO - Training linear_regression...
2026-01-05 16:24:07,929 - SklearnModel - INFO - Training linear_regression...
2026-01-05 16:24:07,929 - SklearnModel - INFO - Training linear_regression...
2026-01-05 16:24:07,929 - SklearnModel - INFO - Training linear_regression...
2026-01-05 16:24:07,929 - SklearnModel - INFO - Training linear_regression...
2026-01-05 16:24:07,949 - src.trainer - INFO - [AMZN] linear_regression Results -> RMSE: 3.9983, MAE: 2.9004
2026-01-05 16:24:07,950 - SklearnModel - INFO - Saving linear_regression to models\AMZN_linear_regression.pkl
2026-01-05 16:24:07,950 - SklearnModel - INFO - Saving linear_regression to models\AMZN_linear_regression.pkl
2026-01-05 16:24:07,950 - SklearnModel - INFO - Saving linear_regression to models\AMZN_linear_regression.pkl
2026-01-05 16:24:07,950 - SklearnModel - INFO - Saving linear_regression to models\AMZN_linear_regression.pkl
2026-01-05 16:24:07,950 - SklearnModel - INFO - Saving linear_regression to models\AMZN_linear_regression.pkl
2026-01-05 16:24:07,950 - SklearnModel - INFO - Saving linear_regression to models\AMZN_linear_regression.pkl
2026-01-05 16:24:07,950 - SklearnModel - INFO - Saving linear_regression to models\AMZN_linear_regression.pkl
2026-01-05 16:24:07,950 - SklearnModel - INFO - Saving linear_regression to models\AMZN_linear_regression.pkl
2026-01-05 16:24:07,950 - SklearnModel - INFO - Saving linear_regression to models\AMZN_linear_regression.pkl
2026-01-05 16:24:07,950 - SklearnModel - INFO - Saving linear_regression to models\AMZN_linear_regression.pkl
2026-01-05 16:24:07,956 - Main - INFO - Training complete. Models saved.
2026-01-05 16:44:35,588 - src.data_loader - INFO - Downloading data for AAPL (Period: 10y)...
2026-01-05 16:44:40,676 - src.data_loader - INFO - Successfully loaded 2515 rows for AAPL.
2026-01-05 16:44:40,676 - src.feature_eng - INFO - Data preprocessed. Train len: 2012, Test input len: 563
2026-01-05 16:44:40,676 - App - INFO - Loading model: AAPL_linear_regression
2026-01-05 16:44:55,320 - src.data_loader - INFO - Downloading data for NVDA (Period: 10y)...
2026-01-05 16:44:55,320 - src.data_loader - INFO - Downloading data for NVDA (Period: 10y)...
2026-01-05 16:44:57,196 - src.data_loader - INFO - Successfully loaded 2515 rows for NVDA.
2026-01-05 16:44:57,196 - src.data_loader - INFO - Successfully loaded 2515 rows for NVDA.
2026-01-05 16:44:57,197 - src.feature_eng - INFO - Data preprocessed. Train len: 2012, Test input len: 563
2026-01-05 16:44:57,197 - src.feature_eng - INFO - Data preprocessed. Train len: 2012, Test input len: 563
2026-01-05 16:44:57,197 - App - INFO - Loading model: NVDA_lstm
2026-01-05 16:45:25,154 - src.data_loader - INFO - Downloading data for NVDA (Period: 10y)...
2026-01-05 16:45:25,154 - src.data_loader - INFO - Downloading data for NVDA (Period: 10y)...
2026-01-05 16:45:25,154 - src.data_loader - INFO - Downloading data for NVDA (Period: 10y)...
2026-01-05 16:45:27,015 - src.data_loader - INFO - Successfully loaded 2515 rows for NVDA.
2026-01-05 16:45:27,015 - src.data_loader - INFO - Successfully loaded 2515 rows for NVDA.
2026-01-05 16:45:27,015 - src.data_loader - INFO - Successfully loaded 2515 rows for NVDA.
2026-01-05 16:45:27,015 - src.feature_eng - INFO - Data preprocessed. Train len: 2012, Test input len: 563
2026-01-05 16:45:27,015 - src.feature_eng - INFO - Data preprocessed. Train len: 2012, Test input len: 563
2026-01-05 16:45:27,015 - src.feature_eng - INFO - Data preprocessed. Train len: 2012, Test input len: 563
2026-01-05 16:45:27,015 - App - INFO - Loading model: NVDA_linear_regression
2026-01-05 16:52:14,669 - src.data_loader - INFO - Downloading data for GOOGL (Period: 10y)...
2026-01-05 16:52:14,669 - src.data_loader - INFO - Downloading data for GOOGL (Period: 10y)...
2026-01-05 16:52:14,669 - src.data_loader - INFO - Downloading data for GOOGL (Period: 10y)...
2026-01-05 16:52:14,669 - src.data_loader - INFO - Downloading data for GOOGL (Period: 10y)...
2026-01-05 16:52:16,602 - src.data_loader - INFO - Successfully loaded 2515 rows for GOOGL.
2026-01-05 16:52:16,602 - src.data_loader - INFO - Successfully loaded 2515 rows for GOOGL.
2026-01-05 16:52:16,602 - src.data_loader - INFO - Successfully loaded 2515 rows for GOOGL.
2026-01-05 16:52:16,602 - src.data_loader - INFO - Successfully loaded 2515 rows for GOOGL.
2026-01-05 16:52:16,610 - src.feature_eng - INFO - Data preprocessed. Train len: 2012, Test input len: 563
2026-01-05 16:52:16,610 - src.feature_eng - INFO - Data preprocessed. Train len: 2012, Test input len: 563
2026-01-05 16:52:16,610 - src.feature_eng - INFO - Data preprocessed. Train len: 2012, Test input len: 563
2026-01-05 16:52:16,610 - src.feature_eng - INFO - Data preprocessed. Train len: 2012, Test input len: 563
2026-01-05 16:52:16,612 - App - INFO - Loading model: GOOGL_linear_regression
2026-01-05 18:04:57,905 - Main - INFO - Initializing Stock Prediction System...
2026-01-05 18:04:57,905 - src.trainer - INFO - Starting batch training for: ['NVDA', 'AAPL', 'GOOGL', 'MSFT', 'AMZN']
2026-01-05 18:04:57,905 - src.trainer - INFO - --- Processing Asset: NVDA ---
2026-01-05 18:04:57,905 - src.data_loader - INFO - Acquiring market data for: NVDA
2026-01-05 18:05:01,301 - src.data_loader - INFO - Ingestion successful: 2515 records loaded.
2026-01-05 18:05:01,308 - src.feature_eng - INFO - Preprocessing complete. Train size: 2012, Test inputs: 563
2026-01-05 18:05:01,308 - LSTMModel - INFO - Initializing LSTM architecture...
2026-01-05 18:05:01,582 - LSTMModel - INFO - Starting Deep Learning training loop...
2026-01-05 18:05:33,200 - src.trainer - INFO - [NVDA] lstm Performance -> RMSE: 30.5275, MAE: 25.4218
2026-01-05 18:05:33,201 - LSTMModel - INFO - Saving Keras artifact to models\NVDA_lstm.keras
2026-01-05 18:05:33,282 - SklearnModel - INFO - Fitting random_forest...
2026-01-05 18:05:34,801 - src.trainer - INFO - [NVDA] random_forest Performance -> RMSE: 90.4511, MAE: 82.7836
2026-01-05 18:05:34,801 - SklearnModel - INFO - Pickling model to models\NVDA_random_forest.pkl
2026-01-05 18:05:34,877 - SklearnModel - INFO - Fitting linear_regression...
2026-01-05 18:05:34,877 - SklearnModel - INFO - Fitting linear_regression...
2026-01-05 18:05:34,910 - src.trainer - INFO - [NVDA] linear_regression Performance -> RMSE: 4.0754, MAE: 3.0667
2026-01-05 18:05:34,910 - SklearnModel - INFO - Pickling model to models\NVDA_linear_regression.pkl
2026-01-05 18:05:34,910 - SklearnModel - INFO - Pickling model to models\NVDA_linear_regression.pkl
2026-01-05 18:05:34,913 - src.trainer - INFO - --- Processing Asset: AAPL ---
2026-01-05 18:05:34,913 - src.data_loader - INFO - Acquiring market data for: AAPL
2026-01-05 18:05:36,924 - src.data_loader - INFO - Ingestion successful: 2515 records loaded.
2026-01-05 18:05:36,924 - src.feature_eng - INFO - Preprocessing complete. Train size: 2012, Test inputs: 563
2026-01-05 18:05:36,924 - LSTMModel - INFO - Initializing LSTM architecture...
2026-01-05 18:05:36,924 - LSTMModel - INFO - Initializing LSTM architecture...
2026-01-05 18:05:36,979 - LSTMModel - INFO - Starting Deep Learning training loop...
2026-01-05 18:05:36,979 - LSTMModel - INFO - Starting Deep Learning training loop...
2026-01-05 18:06:59,120 - src.trainer - INFO - [AAPL] lstm Performance -> RMSE: 8.9240, MAE: 7.0507
2026-01-05 18:06:59,120 - LSTMModel - INFO - Saving Keras artifact to models\AAPL_lstm.keras
2026-01-05 18:06:59,120 - LSTMModel - INFO - Saving Keras artifact to models\AAPL_lstm.keras
2026-01-05 18:06:59,166 - SklearnModel - INFO - Fitting random_forest...
2026-01-05 18:06:59,166 - SklearnModel - INFO - Fitting random_forest...
2026-01-05 18:06:59,166 - SklearnModel - INFO - Fitting random_forest...
2026-01-05 18:07:00,474 - src.trainer - INFO - [AAPL] random_forest Performance -> RMSE: 38.9121, MAE: 30.1033
2026-01-05 18:07:00,474 - SklearnModel - INFO - Pickling model to models\AAPL_random_forest.pkl
2026-01-05 18:07:00,474 - SklearnModel - INFO - Pickling model to models\AAPL_random_forest.pkl
2026-01-05 18:07:00,474 - SklearnModel - INFO - Pickling model to models\AAPL_random_forest.pkl
2026-01-05 18:07:00,536 - SklearnModel - INFO - Fitting linear_regression...
2026-01-05 18:07:00,536 - SklearnModel - INFO - Fitting linear_regression...
2026-01-05 18:07:00,536 - SklearnModel - INFO - Fitting linear_regression...
2026-01-05 18:07:00,536 - SklearnModel - INFO - Fitting linear_regression...
2026-01-05 18:07:00,551 - src.trainer - INFO - [AAPL] linear_regression Performance -> RMSE: 3.7755, MAE: 2.6477
2026-01-05 18:07:00,551 - SklearnModel - INFO - Pickling model to models\AAPL_linear_regression.pkl
2026-01-05 18:07:00,551 - SklearnModel - INFO - Pickling model to models\AAPL_linear_regression.pkl
2026-01-05 18:07:00,551 - SklearnModel - INFO - Pickling model to models\AAPL_linear_regression.pkl
2026-01-05 18:07:00,551 - SklearnModel - INFO - Pickling model to models\AAPL_linear_regression.pkl
2026-01-05 18:07:00,554 - src.trainer - INFO - --- Processing Asset: GOOGL ---
2026-01-05 18:07:00,554 - src.data_loader - INFO - Acquiring market data for: GOOGL
2026-01-05 18:07:04,786 - src.data_loader - INFO - Ingestion successful: 2515 records loaded.
2026-01-05 18:07:04,786 - src.feature_eng - INFO - Preprocessing complete. Train size: 2012, Test inputs: 563
2026-01-05 18:07:04,786 - LSTMModel - INFO - Initializing LSTM architecture...
2026-01-05 18:07:04,786 - LSTMModel - INFO - Initializing LSTM architecture...
2026-01-05 18:07:04,786 - LSTMModel - INFO - Initializing LSTM architecture...
2026-01-05 18:07:04,861 - LSTMModel - INFO - Starting Deep Learning training loop...
2026-01-05 18:07:04,861 - LSTMModel - INFO - Starting Deep Learning training loop...
2026-01-05 18:07:04,861 - LSTMModel - INFO - Starting Deep Learning training loop...
2026-01-05 18:07:55,857 - src.trainer - INFO - [GOOGL] lstm Performance -> RMSE: 15.2765, MAE: 10.0654
2026-01-05 18:07:55,857 - LSTMModel - INFO - Saving Keras artifact to models\GOOGL_lstm.keras
2026-01-05 18:07:55,857 - LSTMModel - INFO - Saving Keras artifact to models\GOOGL_lstm.keras
2026-01-05 18:07:55,857 - LSTMModel - INFO - Saving Keras artifact to models\GOOGL_lstm.keras
2026-01-05 18:07:55,896 - SklearnModel - INFO - Fitting random_forest...
2026-01-05 18:07:55,896 - SklearnModel - INFO - Fitting random_forest...
2026-01-05 18:07:55,896 - SklearnModel - INFO - Fitting random_forest...
2026-01-05 18:07:55,896 - SklearnModel - INFO - Fitting random_forest...
2026-01-05 18:07:55,896 - SklearnModel - INFO - Fitting random_forest...
2026-01-05 18:07:57,184 - src.trainer - INFO - [GOOGL] random_forest Performance -> RMSE: 62.2012, MAE: 43.1225
2026-01-05 18:07:57,184 - SklearnModel - INFO - Pickling model to models\GOOGL_random_forest.pkl
2026-01-05 18:07:57,184 - SklearnModel - INFO - Pickling model to models\GOOGL_random_forest.pkl
2026-01-05 18:07:57,184 - SklearnModel - INFO - Pickling model to models\GOOGL_random_forest.pkl
2026-01-05 18:07:57,184 - SklearnModel - INFO - Pickling model to models\GOOGL_random_forest.pkl
2026-01-05 18:07:57,184 - SklearnModel - INFO - Pickling model to models\GOOGL_random_forest.pkl
2026-01-05 18:07:57,247 - SklearnModel - INFO - Fitting linear_regression...
2026-01-05 18:07:57,247 - SklearnModel - INFO - Fitting linear_regression...
2026-01-05 18:07:57,247 - SklearnModel - INFO - Fitting linear_regression...
2026-01-05 18:07:57,247 - SklearnModel - INFO - Fitting linear_regression...
2026-01-05 18:07:57,247 - SklearnModel - INFO - Fitting linear_regression...
2026-01-05 18:07:57,247 - SklearnModel - INFO - Fitting linear_regression...
2026-01-05 18:07:57,265 - src.trainer - INFO - [GOOGL] linear_regression Performance -> RMSE: 3.7399, MAE: 2.6432
2026-01-05 18:07:57,265 - SklearnModel - INFO - Pickling model to models\GOOGL_linear_regression.pkl
2026-01-05 18:07:57,265 - SklearnModel - INFO - Pickling model to models\GOOGL_linear_regression.pkl
2026-01-05 18:07:57,265 - SklearnModel - INFO - Pickling model to models\GOOGL_linear_regression.pkl
2026-01-05 18:07:57,265 - SklearnModel - INFO - Pickling model to models\GOOGL_linear_regression.pkl
2026-01-05 18:07:57,265 - SklearnModel - INFO - Pickling model to models\GOOGL_linear_regression.pkl
2026-01-05 18:07:57,265 - SklearnModel - INFO - Pickling model to models\GOOGL_linear_regression.pkl
2026-01-05 18:07:57,268 - src.trainer - INFO - --- Processing Asset: MSFT ---
2026-01-05 18:07:57,269 - src.data_loader - INFO - Acquiring market data for: MSFT
2026-01-05 18:07:58,961 - src.data_loader - INFO - Ingestion successful: 2515 records loaded.
2026-01-05 18:07:58,969 - src.feature_eng - INFO - Preprocessing complete. Train size: 2012, Test inputs: 563
2026-01-05 18:07:58,969 - LSTMModel - INFO - Initializing LSTM architecture...
2026-01-05 18:07:58,969 - LSTMModel - INFO - Initializing LSTM architecture...
2026-01-05 18:07:58,969 - LSTMModel - INFO - Initializing LSTM architecture...
2026-01-05 18:07:58,969 - LSTMModel - INFO - Initializing LSTM architecture...
2026-01-05 18:07:59,032 - LSTMModel - INFO - Starting Deep Learning training loop...
2026-01-05 18:07:59,032 - LSTMModel - INFO - Starting Deep Learning training loop...
2026-01-05 18:07:59,032 - LSTMModel - INFO - Starting Deep Learning training loop...
2026-01-05 18:07:59,032 - LSTMModel - INFO - Starting Deep Learning training loop...
2026-01-05 18:09:05,908 - src.trainer - INFO - [MSFT] lstm Performance -> RMSE: 11.7503, MAE: 9.6867
2026-01-05 18:09:05,908 - LSTMModel - INFO - Saving Keras artifact to models\MSFT_lstm.keras
2026-01-05 18:09:05,908 - LSTMModel - INFO - Saving Keras artifact to models\MSFT_lstm.keras
2026-01-05 18:09:05,908 - LSTMModel - INFO - Saving Keras artifact to models\MSFT_lstm.keras
2026-01-05 18:09:05,908 - LSTMModel - INFO - Saving Keras artifact to models\MSFT_lstm.keras
2026-01-05 18:09:05,958 - SklearnModel - INFO - Fitting random_forest...
2026-01-05 18:09:05,958 - SklearnModel - INFO - Fitting random_forest...
2026-01-05 18:09:05,958 - SklearnModel - INFO - Fitting random_forest...
2026-01-05 18:09:05,958 - SklearnModel - INFO - Fitting random_forest...
2026-01-05 18:09:05,958 - SklearnModel - INFO - Fitting random_forest...
2026-01-05 18:09:05,958 - SklearnModel - INFO - Fitting random_forest...
2026-01-05 18:09:05,958 - SklearnModel - INFO - Fitting random_forest...
2026-01-05 18:09:07,800 - src.trainer - INFO - [MSFT] random_forest Performance -> RMSE: 82.7057, MAE: 69.9317
2026-01-05 18:09:07,803 - SklearnModel - INFO - Pickling model to models\MSFT_random_forest.pkl
2026-01-05 18:09:07,803 - SklearnModel - INFO - Pickling model to models\MSFT_random_forest.pkl
2026-01-05 18:09:07,803 - SklearnModel - INFO - Pickling model to models\MSFT_random_forest.pkl
2026-01-05 18:09:07,803 - SklearnModel - INFO - Pickling model to models\MSFT_random_forest.pkl
2026-01-05 18:09:07,803 - SklearnModel - INFO - Pickling model to models\MSFT_random_forest.pkl
2026-01-05 18:09:07,803 - SklearnModel - INFO - Pickling model to models\MSFT_random_forest.pkl
2026-01-05 18:09:07,803 - SklearnModel - INFO - Pickling model to models\MSFT_random_forest.pkl
2026-01-05 18:09:07,870 - SklearnModel - INFO - Fitting linear_regression...
2026-01-05 18:09:07,870 - SklearnModel - INFO - Fitting linear_regression...
2026-01-05 18:09:07,870 - SklearnModel - INFO - Fitting linear_regression...
2026-01-05 18:09:07,870 - SklearnModel - INFO - Fitting linear_regression...
2026-01-05 18:09:07,870 - SklearnModel - INFO - Fitting linear_regression...
2026-01-05 18:09:07,870 - SklearnModel - INFO - Fitting linear_regression...
2026-01-05 18:09:07,870 - SklearnModel - INFO - Fitting linear_regression...
2026-01-05 18:09:07,870 - SklearnModel - INFO - Fitting linear_regression...
2026-01-05 18:09:07,905 - src.trainer - INFO - [MSFT] linear_regression Performance -> RMSE: 6.0876, MAE: 4.3875
2026-01-05 18:09:07,905 - SklearnModel - INFO - Pickling model to models\MSFT_linear_regression.pkl
2026-01-05 18:09:07,905 - SklearnModel - INFO - Pickling model to models\MSFT_linear_regression.pkl
2026-01-05 18:09:07,905 - SklearnModel - INFO - Pickling model to models\MSFT_linear_regression.pkl
2026-01-05 18:09:07,905 - SklearnModel - INFO - Pickling model to models\MSFT_linear_regression.pkl
2026-01-05 18:09:07,905 - SklearnModel - INFO - Pickling model to models\MSFT_linear_regression.pkl
2026-01-05 18:09:07,905 - SklearnModel - INFO - Pickling model to models\MSFT_linear_regression.pkl
2026-01-05 18:09:07,905 - SklearnModel - INFO - Pickling model to models\MSFT_linear_regression.pkl
2026-01-05 18:09:07,905 - SklearnModel - INFO - Pickling model to models\MSFT_linear_regression.pkl
2026-01-05 18:09:07,913 - src.trainer - INFO - --- Processing Asset: AMZN ---
2026-01-05 18:09:07,914 - src.data_loader - INFO - Acquiring market data for: AMZN
2026-01-05 18:09:10,065 - src.data_loader - INFO - Ingestion successful: 2515 records loaded.
2026-01-05 18:09:10,075 - src.feature_eng - INFO - Preprocessing complete. Train size: 2012, Test inputs: 563
2026-01-05 18:09:10,080 - LSTMModel - INFO - Initializing LSTM architecture...
2026-01-05 18:09:10,080 - LSTMModel - INFO - Initializing LSTM architecture...
2026-01-05 18:09:10,080 - LSTMModel - INFO - Initializing LSTM architecture...
2026-01-05 18:09:10,080 - LSTMModel - INFO - Initializing LSTM architecture...
2026-01-05 18:09:10,080 - LSTMModel - INFO - Initializing LSTM architecture...
2026-01-05 18:09:10,131 - LSTMModel - INFO - Starting Deep Learning training loop...
2026-01-05 18:09:10,131 - LSTMModel - INFO - Starting Deep Learning training loop...
2026-01-05 18:09:10,131 - LSTMModel - INFO - Starting Deep Learning training loop...
2026-01-05 18:09:10,131 - LSTMModel - INFO - Starting Deep Learning training loop...
2026-01-05 18:09:10,131 - LSTMModel - INFO - Starting Deep Learning training loop...
2026-01-05 18:10:39,552 - src.trainer - INFO - [AMZN] lstm Performance -> RMSE: 7.8364, MAE: 6.4387
2026-01-05 18:10:39,552 - LSTMModel - INFO - Saving Keras artifact to models\AMZN_lstm.keras
2026-01-05 18:10:39,552 - LSTMModel - INFO - Saving Keras artifact to models\AMZN_lstm.keras
2026-01-05 18:10:39,552 - LSTMModel - INFO - Saving Keras artifact to models\AMZN_lstm.keras
2026-01-05 18:10:39,552 - LSTMModel - INFO - Saving Keras artifact to models\AMZN_lstm.keras
2026-01-05 18:10:39,552 - LSTMModel - INFO - Saving Keras artifact to models\AMZN_lstm.keras
2026-01-05 18:10:39,602 - SklearnModel - INFO - Fitting random_forest...
2026-01-05 18:10:39,602 - SklearnModel - INFO - Fitting random_forest...
2026-01-05 18:10:39,602 - SklearnModel - INFO - Fitting random_forest...
2026-01-05 18:10:39,602 - SklearnModel - INFO - Fitting random_forest...
2026-01-05 18:10:39,602 - SklearnModel - INFO - Fitting random_forest...
2026-01-05 18:10:39,602 - SklearnModel - INFO - Fitting random_forest...
2026-01-05 18:10:39,602 - SklearnModel - INFO - Fitting random_forest...
2026-01-05 18:10:39,602 - SklearnModel - INFO - Fitting random_forest...
2026-01-05 18:10:39,602 - SklearnModel - INFO - Fitting random_forest...
2026-01-05 18:10:41,386 - src.trainer - INFO - [AMZN] random_forest Performance -> RMSE: 32.7763, MAE: 25.4371
2026-01-05 18:10:41,389 - SklearnModel - INFO - Pickling model to models\AMZN_random_forest.pkl
2026-01-05 18:10:41,389 - SklearnModel - INFO - Pickling model to models\AMZN_random_forest.pkl
2026-01-05 18:10:41,389 - SklearnModel - INFO - Pickling model to models\AMZN_random_forest.pkl
2026-01-05 18:10:41,389 - SklearnModel - INFO - Pickling model to models\AMZN_random_forest.pkl
2026-01-05 18:10:41,389 - SklearnModel - INFO - Pickling model to models\AMZN_random_forest.pkl
2026-01-05 18:10:41,389 - SklearnModel - INFO - Pickling model to models\AMZN_random_forest.pkl
2026-01-05 18:10:41,389 - SklearnModel - INFO - Pickling model to models\AMZN_random_forest.pkl
2026-01-05 18:10:41,389 - SklearnModel - INFO - Pickling model to models\AMZN_random_forest.pkl
2026-01-05 18:10:41,389 - SklearnModel - INFO - Pickling model to models\AMZN_random_forest.pkl
2026-01-05 18:10:41,453 - SklearnModel - INFO - Fitting linear_regression...
2026-01-05 18:10:41,453 - SklearnModel - INFO - Fitting linear_regression...
2026-01-05 18:10:41,453 - SklearnModel - INFO - Fitting linear_regression...
2026-01-05 18:10:41,453 - SklearnModel - INFO - Fitting linear_regression...
2026-01-05 18:10:41,453 - SklearnModel - INFO - Fitting linear_regression...
2026-01-05 18:10:41,453 - SklearnModel - INFO - Fitting linear_regression...
2026-01-05 18:10:41,453 - SklearnModel - INFO - Fitting linear_regression...
2026-01-05 18:10:41,453 - SklearnModel - INFO - Fitting linear_regression...
2026-01-05 18:10:41,453 - SklearnModel - INFO - Fitting linear_regression...
2026-01-05 18:10:41,453 - SklearnModel - INFO - Fitting linear_regression...
2026-01-05 18:10:41,464 - src.trainer - INFO - [AMZN] linear_regression Performance -> RMSE: 4.0033, MAE: 2.9071
2026-01-05 18:10:41,464 - SklearnModel - INFO - Pickling model to models\AMZN_linear_regression.pkl
2026-01-05 18:10:41,464 - SklearnModel - INFO - Pickling model to models\AMZN_linear_regression.pkl
2026-01-05 18:10:41,464 - SklearnModel - INFO - Pickling model to models\AMZN_linear_regression.pkl
2026-01-05 18:10:41,464 - SklearnModel - INFO - Pickling model to models\AMZN_linear_regression.pkl
2026-01-05 18:10:41,464 - SklearnModel - INFO - Pickling model to models\AMZN_linear_regression.pkl
2026-01-05 18:10:41,464 - SklearnModel - INFO - Pickling model to models\AMZN_linear_regression.pkl
2026-01-05 18:10:41,464 - SklearnModel - INFO - Pickling model to models\AMZN_linear_regression.pkl
2026-01-05 18:10:41,464 - SklearnModel - INFO - Pickling model to models\AMZN_linear_regression.pkl
2026-01-05 18:10:41,464 - SklearnModel - INFO - Pickling model to models\AMZN_linear_regression.pkl
2026-01-05 18:10:41,464 - SklearnModel - INFO - Pickling model to models\AMZN_linear_regression.pkl
2026-01-05 18:10:41,468 - Main - INFO - System execution completed successfully.
2026-01-05 18:35:25,094 - src.data_loader - INFO - Acquiring market data for: NVDA
2026-01-05 18:35:28,933 - src.data_loader - INFO - Ingestion successful: 2515 records loaded.
2026-01-05 18:35:28,933 - src.feature_eng - INFO - Preprocessing complete. Train size: 2012, Test inputs: 563
2026-01-05 18:35:28,933 - App - INFO - Loading model: NVDA_linear_regression
2026-01-05 18:35:43,312 - src.data_loader - INFO - Acquiring market data for: NVDA
2026-01-05 18:35:43,312 - src.data_loader - INFO - Acquiring market data for: NVDA
2026-01-05 18:35:45,130 - src.data_loader - INFO - Ingestion successful: 2515 records loaded.
2026-01-05 18:35:45,130 - src.data_loader - INFO - Ingestion successful: 2515 records loaded.
2026-01-05 18:35:45,130 - src.feature_eng - INFO - Preprocessing complete. Train size: 2012, Test inputs: 563
2026-01-05 18:35:45,130 - src.feature_eng - INFO - Preprocessing complete. Train size: 2012, Test inputs: 563
2026-01-05 18:35:45,138 - App - INFO - Loading model: NVDA_lstm
2026-01-05 18:35:51,357 - src.data_loader - INFO - Acquiring market data for: NVDA
2026-01-05 18:35:51,357 - src.data_loader - INFO - Acquiring market data for: NVDA
2026-01-05 18:35:51,357 - src.data_loader - INFO - Acquiring market data for: NVDA
2026-01-05 18:35:56,475 - src.data_loader - INFO - Ingestion successful: 2515 records loaded.
2026-01-05 18:35:56,475 - src.data_loader - INFO - Ingestion successful: 2515 records loaded.
2026-01-05 18:35:56,475 - src.data_loader - INFO - Ingestion successful: 2515 records loaded.
2026-01-05 18:35:56,475 - src.feature_eng - INFO - Preprocessing complete. Train size: 2012, Test inputs: 563
2026-01-05 18:35:56,475 - src.feature_eng - INFO - Preprocessing complete. Train size: 2012, Test inputs: 563
2026-01-05 18:35:56,475 - src.feature_eng - INFO - Preprocessing complete. Train size: 2012, Test inputs: 563
2026-01-05 18:35:56,475 - App - INFO - Loading model: NVDA_random_forest
2026-01-05 18:36:09,907 - src.data_loader - INFO - Acquiring market data for: GOOGL
2026-01-05 18:36:09,907 - src.data_loader - INFO - Acquiring market data for: GOOGL
2026-01-05 18:36:09,907 - src.data_loader - INFO - Acquiring market data for: GOOGL
2026-01-05 18:36:09,907 - src.data_loader - INFO - Acquiring market data for: GOOGL
2026-01-05 18:36:11,502 - src.data_loader - INFO - Ingestion successful: 2515 records loaded.
2026-01-05 18:36:11,502 - src.data_loader - INFO - Ingestion successful: 2515 records loaded.
2026-01-05 18:36:11,502 - src.data_loader - INFO - Ingestion successful: 2515 records loaded.
2026-01-05 18:36:11,502 - src.data_loader - INFO - Ingestion successful: 2515 records loaded.
2026-01-05 18:36:11,502 - src.feature_eng - INFO - Preprocessing complete. Train size: 2012, Test inputs: 563
2026-01-05 18:36:11,502 - src.feature_eng - INFO - Preprocessing complete. Train size: 2012, Test inputs: 563
2026-01-05 18:36:11,502 - src.feature_eng - INFO - Preprocessing complete. Train size: 2012, Test inputs: 563
2026-01-05 18:36:11,502 - src.feature_eng - INFO - Preprocessing complete. Train size: 2012, Test inputs: 563
2026-01-05 18:36:11,502 - App - INFO - Loading model: GOOGL_linear_regression
2026-01-05 18:36:50,290 - src.data_loader - INFO - Acquiring market data for: AMZN
2026-01-05 18:36:50,290 - src.data_loader - INFO - Acquiring market data for: AMZN
2026-01-05 18:36:50,290 - src.data_loader - INFO - Acquiring market data for: AMZN
2026-01-05 18:36:50,290 - src.data_loader - INFO - Acquiring market data for: AMZN
2026-01-05 18:36:50,290 - src.data_loader - INFO - Acquiring market data for: AMZN
2026-01-05 18:36:51,955 - src.data_loader - INFO - Ingestion successful: 2515 records loaded.
2026-01-05 18:36:51,955 - src.data_loader - INFO - Ingestion successful: 2515 records loaded.
2026-01-05 18:36:51,955 - src.data_loader - INFO - Ingestion successful: 2515 records loaded.
2026-01-05 18:36:51,955 - src.data_loader - INFO - Ingestion successful: 2515 records loaded.
2026-01-05 18:36:51,955 - src.data_loader - INFO - Ingestion successful: 2515 records loaded.
2026-01-05 18:36:51,955 - src.feature_eng - INFO - Preprocessing complete. Train size: 2012, Test inputs: 563
2026-01-05 18:36:51,955 - src.feature_eng - INFO - Preprocessing complete. Train size: 2012, Test inputs: 563
2026-01-05 18:36:51,955 - src.feature_eng - INFO - Preprocessing complete. Train size: 2012, Test inputs: 563
2026-01-05 18:36:51,955 - src.feature_eng - INFO - Preprocessing complete. Train size: 2012, Test inputs: 563
2026-01-05 18:36:51,955 - src.feature_eng - INFO - Preprocessing complete. Train size: 2012, Test inputs: 563
2026-01-05 18:36:51,955 - App - INFO - Loading model: AMZN_linear_regression
2026-01-05 18:37:02,712 - src.data_loader - INFO - Acquiring market data for: NVDA
2026-01-05 18:37:02,712 - src.data_loader - INFO - Acquiring market data for: NVDA
2026-01-05 18:37:02,712 - src.data_loader - INFO - Acquiring market data for: NVDA
2026-01-05 18:37:02,712 - src.data_loader - INFO - Acquiring market data for: NVDA
2026-01-05 18:37:02,712 - src.data_loader - INFO - Acquiring market data for: NVDA
2026-01-05 18:37:02,712 - src.data_loader - INFO - Acquiring market data for: NVDA
2026-01-05 18:37:04,550 - src.data_loader - INFO - Ingestion successful: 2515 records loaded.
2026-01-05 18:37:04,550 - src.data_loader - INFO - Ingestion successful: 2515 records loaded.
2026-01-05 18:37:04,550 - src.data_loader - INFO - Ingestion successful: 2515 records loaded.
2026-01-05 18:37:04,550 - src.data_loader - INFO - Ingestion successful: 2515 records loaded.
2026-01-05 18:37:04,550 - src.data_loader - INFO - Ingestion successful: 2515 records loaded.
2026-01-05 18:37:04,550 - src.data_loader - INFO - Ingestion successful: 2515 records loaded.
2026-01-05 18:37:04,554 - src.feature_eng - INFO - Preprocessing complete. Train size: 2012, Test inputs: 563
2026-01-05 18:37:04,554 - src.feature_eng - INFO - Preprocessing complete. Train size: 2012, Test inputs: 563
2026-01-05 18:37:04,554 - src.feature_eng - INFO - Preprocessing complete. Train size: 2012, Test inputs: 563
2026-01-05 18:37:04,554 - src.feature_eng - INFO - Preprocessing complete. Train size: 2012, Test inputs: 563
2026-01-05 18:37:04,554 - src.feature_eng - INFO - Preprocessing complete. Train size: 2012, Test inputs: 563
2026-01-05 18:37:04,554 - src.feature_eng - INFO - Preprocessing complete. Train size: 2012, Test inputs: 563
2026-01-05 18:37:04,554 - App - INFO - Loading model: NVDA_linear_regression
2026-02-18 16:56:38,240 - Main - INFO - Initializing Stock Prediction System...
2026-02-18 16:56:38,245 - src.trainer - INFO - Starting batch training for: ['NVDA', 'AAPL', 'GOOGL', 'MSFT', 'AMZN']
2026-02-18 16:56:38,246 - src.trainer - INFO - --- Processing Asset: NVDA ---
2026-02-18 16:56:38,247 - src.data_loader - INFO - Acquiring market data for: NVDA
2026-02-18 16:56:48,601 - src.data_loader - INFO - Ingestion successful: 2514 records loaded.
2026-02-18 16:56:48,601 - src.feature_eng - INFO - Preprocessing complete. Train size: 2011, Test inputs: 563
2026-02-18 16:56:48,613 - LSTMModel - INFO - Initializing LSTM architecture...
2026-02-18 16:56:49,071 - LSTMModel - INFO - Starting Deep Learning training loop...
2026-02-18 16:58:16,356 - src.trainer - INFO - [NVDA] lstm Performance -> RMSE: 7.7343, MAE: 6.2327
2026-02-18 16:58:16,358 - LSTMModel - INFO - Saving Keras artifact to models\NVDA_lstm.keras
2026-02-18 16:58:16,492 - SklearnModel - INFO - Fitting random_forest...
2026-02-18 16:58:17,942 - src.trainer - INFO - [NVDA] random_forest Performance -> RMSE: 77.2567, MAE: 69.3446
2026-02-18 16:58:17,943 - SklearnModel - INFO - Pickling model to models\NVDA_random_forest.pkl
2026-02-18 16:58:18,030 - SklearnModel - INFO - Fitting linear_regression...
2026-02-18 16:58:18,030 - SklearnModel - INFO - Fitting linear_regression...
2026-02-18 16:58:18,061 - src.trainer - INFO - [NVDA] linear_regression Performance -> RMSE: 4.2154, MAE: 3.2059
2026-02-18 16:58:18,061 - SklearnModel - INFO - Pickling model to models\NVDA_linear_regression.pkl
2026-02-18 16:58:18,061 - SklearnModel - INFO - Pickling model to models\NVDA_linear_regression.pkl
2026-02-18 16:58:18,065 - src.trainer - INFO - --- Processing Asset: AAPL ---
2026-02-18 16:58:18,065 - src.data_loader - INFO - Acquiring market data for: AAPL
2026-02-18 16:58:19,774 - src.data_loader - INFO - Ingestion successful: 2514 records loaded.
2026-02-18 16:58:19,777 - src.feature_eng - INFO - Preprocessing complete. Train size: 2011, Test inputs: 563
2026-02-18 16:58:19,785 - LSTMModel - INFO - Initializing LSTM architecture...
2026-02-18 16:58:19,785 - LSTMModel - INFO - Initializing LSTM architecture...
2026-02-18 16:58:19,891 - LSTMModel - INFO - Starting Deep Learning training loop...
2026-02-18 16:58:19,891 - LSTMModel - INFO - Starting Deep Learning training loop...
2026-02-18 17:00:21,333 - src.trainer - INFO - [AAPL] lstm Performance -> RMSE: 7.3222, MAE: 5.6276
2026-02-18 17:00:21,334 - LSTMModel - INFO - Saving Keras artifact to models\AAPL_lstm.keras
2026-02-18 17:00:21,334 - LSTMModel - INFO - Saving Keras artifact to models\AAPL_lstm.keras
2026-02-18 17:00:21,405 - SklearnModel - INFO - Fitting random_forest...
2026-02-18 17:00:21,405 - SklearnModel - INFO - Fitting random_forest...
2026-02-18 17:00:21,405 - SklearnModel - INFO - Fitting random_forest...
2026-02-18 17:00:23,885 - src.trainer - INFO - [AAPL] random_forest Performance -> RMSE: 43.1662, MAE: 34.7533
2026-02-18 17:00:23,885 - SklearnModel - INFO - Pickling model to models\AAPL_random_forest.pkl
2026-02-18 17:00:23,885 - SklearnModel - INFO - Pickling model to models\AAPL_random_forest.pkl
2026-02-18 17:00:23,885 - SklearnModel - INFO - Pickling model to models\AAPL_random_forest.pkl
2026-02-18 17:00:23,987 - SklearnModel - INFO - Fitting linear_regression...
2026-02-18 17:00:23,987 - SklearnModel - INFO - Fitting linear_regression...
2026-02-18 17:00:23,987 - SklearnModel - INFO - Fitting linear_regression...
2026-02-18 17:00:23,987 - SklearnModel - INFO - Fitting linear_regression...
2026-02-18 17:00:24,004 - src.trainer - INFO - [AAPL] linear_regression Performance -> RMSE: 3.9158, MAE: 2.7396
2026-02-18 17:00:24,004 - SklearnModel - INFO - Pickling model to models\AAPL_linear_regression.pkl
2026-02-18 17:00:24,004 - SklearnModel - INFO - Pickling model to models\AAPL_linear_regression.pkl
2026-02-18 17:00:24,004 - SklearnModel - INFO - Pickling model to models\AAPL_linear_regression.pkl
2026-02-18 17:00:24,004 - SklearnModel - INFO - Pickling model to models\AAPL_linear_regression.pkl
2026-02-18 17:00:24,007 - src.trainer - INFO - --- Processing Asset: GOOGL ---
2026-02-18 17:00:24,008 - src.data_loader - INFO - Acquiring market data for: GOOGL
2026-02-18 17:00:26,211 - src.data_loader - INFO - Ingestion successful: 2514 records loaded.
2026-02-18 17:00:26,212 - src.feature_eng - INFO - Preprocessing complete. Train size: 2011, Test inputs: 563
2026-02-18 17:00:26,266 - LSTMModel - INFO - Initializing LSTM architecture...
2026-02-18 17:00:26,266 - LSTMModel - INFO - Initializing LSTM architecture...
2026-02-18 17:00:26,266 - LSTMModel - INFO - Initializing LSTM architecture...
2026-02-18 17:00:26,711 - LSTMModel - INFO - Starting Deep Learning training loop...
2026-02-18 17:00:26,711 - LSTMModel - INFO - Starting Deep Learning training loop...
2026-02-18 17:00:26,711 - LSTMModel - INFO - Starting Deep Learning training loop...
2026-02-18 17:03:03,993 - src.trainer - INFO - [GOOGL] lstm Performance -> RMSE: 16.2367, MAE: 10.9047
2026-02-18 17:03:03,993 - LSTMModel - INFO - Saving Keras artifact to models\GOOGL_lstm.keras
2026-02-18 17:03:03,993 - LSTMModel - INFO - Saving Keras artifact to models\GOOGL_lstm.keras
2026-02-18 17:03:03,993 - LSTMModel - INFO - Saving Keras artifact to models\GOOGL_lstm.keras
2026-02-18 17:03:04,077 - SklearnModel - INFO - Fitting random_forest...
2026-02-18 17:03:04,077 - SklearnModel - INFO - Fitting random_forest...
2026-02-18 17:03:04,077 - SklearnModel - INFO - Fitting random_forest...
2026-02-18 17:03:04,077 - SklearnModel - INFO - Fitting random_forest...
2026-02-18 17:03:04,077 - SklearnModel - INFO - Fitting random_forest...
2026-02-18 17:03:05,867 - src.trainer - INFO - [GOOGL] random_forest Performance -> RMSE: 76.0673, MAE: 53.4363
2026-02-18 17:03:05,868 - SklearnModel - INFO - Pickling model to models\GOOGL_random_forest.pkl
2026-02-18 17:03:05,868 - SklearnModel - INFO - Pickling model to models\GOOGL_random_forest.pkl
2026-02-18 17:03:05,868 - SklearnModel - INFO - Pickling model to models\GOOGL_random_forest.pkl
2026-02-18 17:03:05,868 - SklearnModel - INFO - Pickling model to models\GOOGL_random_forest.pkl
2026-02-18 17:03:05,868 - SklearnModel - INFO - Pickling model to models\GOOGL_random_forest.pkl
2026-02-18 17:03:05,959 - SklearnModel - INFO - Fitting linear_regression...
2026-02-18 17:03:05,959 - SklearnModel - INFO - Fitting linear_regression...
2026-02-18 17:03:05,959 - SklearnModel - INFO - Fitting linear_regression...
2026-02-18 17:03:05,959 - SklearnModel - INFO - Fitting linear_regression...
2026-02-18 17:03:05,959 - SklearnModel - INFO - Fitting linear_regression...
2026-02-18 17:03:05,959 - SklearnModel - INFO - Fitting linear_regression...
2026-02-18 17:03:05,976 - src.trainer - INFO - [GOOGL] linear_regression Performance -> RMSE: 3.8468, MAE: 2.7510
2026-02-18 17:03:05,977 - SklearnModel - INFO - Pickling model to models\GOOGL_linear_regression.pkl
2026-02-18 17:03:05,977 - SklearnModel - INFO - Pickling model to models\GOOGL_linear_regression.pkl
2026-02-18 17:03:05,977 - SklearnModel - INFO - Pickling model to models\GOOGL_linear_regression.pkl
2026-02-18 17:03:05,977 - SklearnModel - INFO - Pickling model to models\GOOGL_linear_regression.pkl
2026-02-18 17:03:05,977 - SklearnModel - INFO - Pickling model to models\GOOGL_linear_regression.pkl
2026-02-18 17:03:05,977 - SklearnModel - INFO - Pickling model to models\GOOGL_linear_regression.pkl
2026-02-18 17:03:05,981 - src.trainer - INFO - --- Processing Asset: MSFT ---
2026-02-18 17:03:05,981 - src.data_loader - INFO - Acquiring market data for: MSFT
2026-02-18 17:03:07,677 - src.data_loader - INFO - Ingestion successful: 2514 records loaded.
2026-02-18 17:03:07,680 - src.feature_eng - INFO - Preprocessing complete. Train size: 2011, Test inputs: 563
2026-02-18 17:03:07,688 - LSTMModel - INFO - Initializing LSTM architecture...
2026-02-18 17:03:07,688 - LSTMModel - INFO - Initializing LSTM architecture...
2026-02-18 17:03:07,688 - LSTMModel - INFO - Initializing LSTM architecture...
2026-02-18 17:03:07,688 - LSTMModel - INFO - Initializing LSTM architecture...
2026-02-18 17:03:07,799 - LSTMModel - INFO - Starting Deep Learning training loop...
2026-02-18 17:03:07,799 - LSTMModel - INFO - Starting Deep Learning training loop...
2026-02-18 17:03:07,799 - LSTMModel - INFO - Starting Deep Learning training loop...
2026-02-18 17:03:07,799 - LSTMModel - INFO - Starting Deep Learning training loop...
2026-02-18 17:05:53,793 - src.trainer - INFO - [MSFT] lstm Performance -> RMSE: 11.8740, MAE: 9.7102
2026-02-18 17:05:53,793 - LSTMModel - INFO - Saving Keras artifact to models\MSFT_lstm.keras
2026-02-18 17:05:53,793 - LSTMModel - INFO - Saving Keras artifact to models\MSFT_lstm.keras
2026-02-18 17:05:53,793 - LSTMModel - INFO - Saving Keras artifact to models\MSFT_lstm.keras
2026-02-18 17:05:53,793 - LSTMModel - INFO - Saving Keras artifact to models\MSFT_lstm.keras
2026-02-18 17:05:53,855 - SklearnModel - INFO - Fitting random_forest...
2026-02-18 17:05:53,855 - SklearnModel - INFO - Fitting random_forest...
2026-02-18 17:05:53,855 - SklearnModel - INFO - Fitting random_forest...
2026-02-18 17:05:53,855 - SklearnModel - INFO - Fitting random_forest...
2026-02-18 17:05:53,855 - SklearnModel - INFO - Fitting random_forest...
2026-02-18 17:05:53,855 - SklearnModel - INFO - Fitting random_forest...
2026-02-18 17:05:53,855 - SklearnModel - INFO - Fitting random_forest...
2026-02-18 17:05:55,887 - src.trainer - INFO - [MSFT] random_forest Performance -> RMSE: 57.4926, MAE: 42.4538
2026-02-18 17:05:55,887 - SklearnModel - INFO - Pickling model to models\MSFT_random_forest.pkl
2026-02-18 17:05:55,887 - SklearnModel - INFO - Pickling model to models\MSFT_random_forest.pkl
2026-02-18 17:05:55,887 - SklearnModel - INFO - Pickling model to models\MSFT_random_forest.pkl
2026-02-18 17:05:55,887 - SklearnModel - INFO - Pickling model to models\MSFT_random_forest.pkl
2026-02-18 17:05:55,887 - SklearnModel - INFO - Pickling model to models\MSFT_random_forest.pkl
2026-02-18 17:05:55,887 - SklearnModel - INFO - Pickling model to models\MSFT_random_forest.pkl
2026-02-18 17:05:55,887 - SklearnModel - INFO - Pickling model to models\MSFT_random_forest.pkl
2026-02-18 17:05:55,964 - SklearnModel - INFO - Fitting linear_regression...
2026-02-18 17:05:55,964 - SklearnModel - INFO - Fitting linear_regression...
2026-02-18 17:05:55,964 - SklearnModel - INFO - Fitting linear_regression...
2026-02-18 17:05:55,964 - SklearnModel - INFO - Fitting linear_regression...
2026-02-18 17:05:55,964 - SklearnModel - INFO - Fitting linear_regression...
2026-02-18 17:05:55,964 - SklearnModel - INFO - Fitting linear_regression...
2026-02-18 17:05:55,964 - SklearnModel - INFO - Fitting linear_regression...
2026-02-18 17:05:55,964 - SklearnModel - INFO - Fitting linear_regression...
2026-02-18 17:05:55,978 - src.trainer - INFO - [MSFT] linear_regression Performance -> RMSE: 6.7158, MAE: 4.6753
2026-02-18 17:05:55,978 - SklearnModel - INFO - Pickling model to models\MSFT_linear_regression.pkl
2026-02-18 17:05:55,978 - SklearnModel - INFO - Pickling model to models\MSFT_linear_regression.pkl
2026-02-18 17:05:55,978 - SklearnModel - INFO - Pickling model to models\MSFT_linear_regression.pkl
2026-02-18 17:05:55,978 - SklearnModel - INFO - Pickling model to models\MSFT_linear_regression.pkl
2026-02-18 17:05:55,978 - SklearnModel - INFO - Pickling model to models\MSFT_linear_regression.pkl
2026-02-18 17:05:55,978 - SklearnModel - INFO - Pickling model to models\MSFT_linear_regression.pkl
2026-02-18 17:05:55,978 - SklearnModel - INFO - Pickling model to models\MSFT_linear_regression.pkl
2026-02-18 17:05:55,978 - SklearnModel - INFO - Pickling model to models\MSFT_linear_regression.pkl
2026-02-18 17:05:55,984 - src.trainer - INFO - --- Processing Asset: AMZN ---
2026-02-18 17:05:55,985 - src.data_loader - INFO - Acquiring market data for: AMZN
2026-02-18 17:05:57,752 - src.data_loader - INFO - Ingestion successful: 2514 records loaded.
2026-02-18 17:05:57,754 - src.feature_eng - INFO - Preprocessing complete. Train size: 2011, Test inputs: 563
2026-02-18 17:05:57,763 - LSTMModel - INFO - Initializing LSTM architecture...
2026-02-18 17:05:57,763 - LSTMModel - INFO - Initializing LSTM architecture...
2026-02-18 17:05:57,763 - LSTMModel - INFO - Initializing LSTM architecture...
2026-02-18 17:05:57,763 - LSTMModel - INFO - Initializing LSTM architecture...
2026-02-18 17:05:57,763 - LSTMModel - INFO - Initializing LSTM architecture...
2026-02-18 17:05:57,882 - LSTMModel - INFO - Starting Deep Learning training loop...
2026-02-18 17:05:57,882 - LSTMModel - INFO - Starting Deep Learning training loop...
2026-02-18 17:05:57,882 - LSTMModel - INFO - Starting Deep Learning training loop...
2026-02-18 17:05:57,882 - LSTMModel - INFO - Starting Deep Learning training loop...
2026-02-18 17:05:57,882 - LSTMModel - INFO - Starting Deep Learning training loop...
2026-02-18 17:07:58,435 - src.trainer - INFO - [AMZN] lstm Performance -> RMSE: 9.7684, MAE: 8.5138
2026-02-18 17:07:58,435 - LSTMModel - INFO - Saving Keras artifact to models\AMZN_lstm.keras
2026-02-18 17:07:58,435 - LSTMModel - INFO - Saving Keras artifact to models\AMZN_lstm.keras
2026-02-18 17:07:58,435 - LSTMModel - INFO - Saving Keras artifact to models\AMZN_lstm.keras
2026-02-18 17:07:58,435 - LSTMModel - INFO - Saving Keras artifact to models\AMZN_lstm.keras
2026-02-18 17:07:58,435 - LSTMModel - INFO - Saving Keras artifact to models\AMZN_lstm.keras
2026-02-18 17:07:58,500 - SklearnModel - INFO - Fitting random_forest...
2026-02-18 17:07:58,500 - SklearnModel - INFO - Fitting random_forest...
2026-02-18 17:07:58,500 - SklearnModel - INFO - Fitting random_forest...
2026-02-18 17:07:58,500 - SklearnModel - INFO - Fitting random_forest...
2026-02-18 17:07:58,500 - SklearnModel - INFO - Fitting random_forest...
2026-02-18 17:07:58,500 - SklearnModel - INFO - Fitting random_forest...
2026-02-18 17:07:58,500 - SklearnModel - INFO - Fitting random_forest...
2026-02-18 17:07:58,500 - SklearnModel - INFO - Fitting random_forest...
2026-02-18 17:07:58,500 - SklearnModel - INFO - Fitting random_forest...
2026-02-18 17:08:00,716 - src.trainer - INFO - [AMZN] random_forest Performance -> RMSE: 34.7963, MAE: 27.8365
2026-02-18 17:08:00,717 - SklearnModel - INFO - Pickling model to models\AMZN_random_forest.pkl
2026-02-18 17:08:00,717 - SklearnModel - INFO - Pickling model to models\AMZN_random_forest.pkl
2026-02-18 17:08:00,717 - SklearnModel - INFO - Pickling model to models\AMZN_random_forest.pkl
2026-02-18 17:08:00,717 - SklearnModel - INFO - Pickling model to models\AMZN_random_forest.pkl
2026-02-18 17:08:00,717 - SklearnModel - INFO - Pickling model to models\AMZN_random_forest.pkl
2026-02-18 17:08:00,717 - SklearnModel - INFO - Pickling model to models\AMZN_random_forest.pkl
2026-02-18 17:08:00,717 - SklearnModel - INFO - Pickling model to models\AMZN_random_forest.pkl
2026-02-18 17:08:00,717 - SklearnModel - INFO - Pickling model to models\AMZN_random_forest.pkl
2026-02-18 17:08:00,717 - SklearnModel - INFO - Pickling model to models\AMZN_random_forest.pkl
2026-02-18 17:08:00,824 - SklearnModel - INFO - Fitting linear_regression...
2026-02-18 17:08:00,824 - SklearnModel - INFO - Fitting linear_regression...
2026-02-18 17:08:00,824 - SklearnModel - INFO - Fitting linear_regression...
2026-02-18 17:08:00,824 - SklearnModel - INFO - Fitting linear_regression...
2026-02-18 17:08:00,824 - SklearnModel - INFO - Fitting linear_regression...
2026-02-18 17:08:00,824 - SklearnModel - INFO - Fitting linear_regression...
2026-02-18 17:08:00,824 - SklearnModel - INFO - Fitting linear_regression...
2026-02-18 17:08:00,824 - SklearnModel - INFO - Fitting linear_regression...
2026-02-18 17:08:00,824 - SklearnModel - INFO - Fitting linear_regression...
2026-02-18 17:08:00,824 - SklearnModel - INFO - Fitting linear_regression...
2026-02-18 17:08:00,840 - src.trainer - INFO - [AMZN] linear_regression Performance -> RMSE: 4.1114, MAE: 2.9991
2026-02-18 17:08:00,840 - SklearnModel - INFO - Pickling model to models\AMZN_linear_regression.pkl
2026-02-18 17:08:00,840 - SklearnModel - INFO - Pickling model to models\AMZN_linear_regression.pkl
2026-02-18 17:08:00,840 - SklearnModel - INFO - Pickling model to models\AMZN_linear_regression.pkl
2026-02-18 17:08:00,840 - SklearnModel - INFO - Pickling model to models\AMZN_linear_regression.pkl
2026-02-18 17:08:00,840 - SklearnModel - INFO - Pickling model to models\AMZN_linear_regression.pkl
2026-02-18 17:08:00,840 - SklearnModel - INFO - Pickling model to models\AMZN_linear_regression.pkl
2026-02-18 17:08:00,840 - SklearnModel - INFO - Pickling model to models\AMZN_linear_regression.pkl
2026-02-18 17:08:00,840 - SklearnModel - INFO - Pickling model to models\AMZN_linear_regression.pkl
2026-02-18 17:08:00,840 - SklearnModel - INFO - Pickling model to models\AMZN_linear_regression.pkl
2026-02-18 17:08:00,840 - SklearnModel - INFO - Pickling model to models\AMZN_linear_regression.pkl
2026-02-18 17:08:00,852 - Main - INFO - System execution completed successfully.
2026-02-18 17:14:03,133 - src.data_loader - INFO - Acquiring market data for: NVDA
2026-02-18 17:14:06,264 - src.data_loader - INFO - Ingestion successful: 2514 records loaded.
2026-02-18 17:14:06,266 - src.feature_eng - INFO - Preprocessing complete. Train size: 2011, Test inputs: 563
2026-02-18 17:14:06,267 - App - INFO - Loading model: NVDA_linear_regression
2026-08-11 12:29:40,179 - Main - INFO - Initializing Stock Prediction System...
2026-08-11 12:29:40,180 - src.trainer - INFO - Starting batch training for: ['NVDA', 'AAPL', 'GOOGL', 'MSFT', 'AMZN']
2026-08-11 12:29:40,180 - src.trainer - INFO - --- Processing Asset: NVDA ---
2026-08-11 12:29:40,180 - src.data_loader - INFO - Acquiring market data for: NVDA
2026-08-11 12:29:40,204 - src.data_loader - ERROR - API returned empty dataset for: NVDA
2026-08-11 12:29:40,204 - src.trainer - INFO - --- Processing Asset: AAPL ---
2026-08-11 12:29:40,205 - src.data_loader - INFO - Acquiring market data for: AAPL
2026-08-11 12:29:40,218 - src.data_loader - ERROR - API returned empty dataset for: AAPL
2026-08-11 12:29:40,218 - src.trainer - INFO - --- Processing Asset: GOOGL ---
2026-08-11 12:29:40,218 - src.data_loader - INFO - Acquiring market data for: GOOGL
2026-08-11 12:29:40,230 - src.data_loader - ERROR - API returned empty dataset for: GOOGL
2026-08-11 12:29:40,231 - src.trainer - INFO - --- Processing Asset: MSFT ---
2026-08-11 12:29:40,231 - src.data_loader - INFO - Acquiring market data for: MSFT
2026-08-11 12:29:40,243 - src.data_loader - ERROR - API returned empty dataset for: MSFT
2026-08-11 12:29:40,243 - src.trainer - INFO - --- Processing Asset: AMZN ---
2026-08-11 12:29:40,243 - src.data_loader - INFO - Acquiring market data for: AMZN
2026-08-11 12:29:40,257 - src.data_loader - ERROR - API returned empty dataset for: AMZN
2026-08-11 12:29:40,257 - Main - INFO - System execution completed successfully.
2026-08-11 22:49:08,807 - Main - INFO - Initializing Stock Prediction System...
2026-08-11 22:49:08,808 - src.trainer - INFO - Starting batch training for: ['NVDA', 'AAPL', 'GOOGL', 'MSFT', 'AMZN']
2026-08-11 22:49:08,808 - src.trainer - INFO - --- Processing Asset: NVDA ---
2026-08-11 22:49:08,808 - src.data_loader - INFO - Acquiring market data for: NVDA
2026-08-11 22:49:08,832 - src.data_loader - ERROR - API returned empty dataset for: NVDA
2026-08-11 22:49:08,832 - src.trainer - INFO - --- Processing Asset: AAPL ---
2026-08-11 22:49:08,832 - src.data_loader - INFO - Acquiring market data for: AAPL
2026-08-11 22:49:08,845 - src.data_loader - ERROR - API returned empty dataset for: AAPL
2026-08-11 22:49:08,845 - src.trainer - INFO - --- Processing Asset: GOOGL ---
2026-08-11 22:49:08,845 - src.data_loader - INFO - Acquiring market data for: GOOGL
2026-08-11 22:49:08,858 - src.data_loader - ERROR - API returned empty dataset for: GOOGL
2026-08-11 22:49:08,858 - src.trainer - INFO - --- Processing Asset: MSFT ---
2026-08-11 22:49:08,858 - src.data_loader - INFO - Acquiring market data for: MSFT
2026-08-11 22:49:08,871 - src.data_loader - ERROR - API returned empty dataset for: MSFT
2026-08-11 22:49:08,871 - src.trainer - INFO - --- Processing Asset: AMZN ---
2026-08-11 22:49:08,871 - src.data_loader - INFO - Acquiring market data for: AMZN
2026-08-11 22:49:08,885 - src.data_loader - ERROR - API returned empty dataset for: AMZN
2026-08-11 22:49:08,885 - Main - INFO - System execution completed successfully.
2026-08-12 22:45:38,866 - Main - INFO - Initializing Stock Prediction System...
2026-08-12 22:45:38,867 - src.trainer - INFO - Starting batch training for: ['NVDA', 'AAPL', 'GOOGL', 'MSFT', 'AMZN']
2026-08-12 22:45:38,867 - src.trainer - INFO - --- Processing Asset: NVDA ---
2026-08-12 22:45:38,867 - src.data_loader - INFO - Acquiring market data for: NVDA
2026-08-12 22:45:38,891 - src.data_loader - ERROR - API returned empty dataset for: NVDA
2026-08-12 22:45:38,891 - src.trainer - INFO - --- Processing Asset: AAPL ---
2026-08-12 22:45:38,891 - src.data_loader - INFO - Acquiring market data for: AAPL
2026-08-12 22:45:38,904 - src.data_loader - ERROR - API returned empty dataset for: AAPL
2026-08-12 22:45:38,904 - src.trainer - INFO - --- Processing Asset: GOOGL ---
2026-08-12 22:45:38,904 - src.data_loader - INFO - Acquiring market data for: GOOGL
2026-08-12 22:45:38,916 - src.data_loader - ERROR - API returned empty dataset for: GOOGL
2026-08-12 22:45:38,916 - src.trainer - INFO - --- Processing Asset: MSFT ---
2026-08-12 22:45:38,916 - src.data_loader - INFO - Acquiring market data for: MSFT
2026-08-12 22:45:38,929 - src.data_loader - ERROR - API returned empty dataset for: MSFT
2026-08-12 22:45:38,929 - src.trainer - INFO - --- Processing Asset: AMZN ---
2026-08-12 22:45:38,929 - src.data_loader - INFO - Acquiring market data for: AMZN
2026-08-12 22:45:38,943 - src.data_loader - ERROR - API returned empty dataset for: AMZN
2026-08-12 22:45:38,943 - Main - INFO - System execution completed successfully.
2026-08-13 22:47:32,227 - Main - INFO - Initializing Stock Prediction System...
2026-08-13 22:47:32,228 - src.trainer - INFO - Starting batch training for: ['NVDA', 'AAPL', 'GOOGL', 'MSFT', 'AMZN']
2026-08-13 22:47:32,228 - src.trainer - INFO - --- Processing Asset: NVDA ---
2026-08-13 22:47:32,228 - src.data_loader - INFO - Acquiring market data for: NVDA
2026-08-13 22:47:32,252 - src.data_loader - ERROR - API returned empty dataset for: NVDA
2026-08-13 22:47:32,252 - src.trainer - INFO - --- Processing Asset: AAPL ---
2026-08-13 22:47:32,252 - src.data_loader - INFO - Acquiring market data for: AAPL
2026-08-13 22:47:32,265 - src.data_loader - ERROR - API returned empty dataset for: AAPL
2026-08-13 22:47:32,265 - src.trainer - INFO - --- Processing Asset: GOOGL ---
2026-08-13 22:47:32,265 - src.data_loader - INFO - Acquiring market data for: GOOGL
2026-08-13 22:47:32,278 - src.data_loader - ERROR - API returned empty dataset for: GOOGL
2026-08-13 22:47:32,278 - src.trainer - INFO - --- Processing Asset: MSFT ---
2026-08-13 22:47:32,278 - src.data_loader - INFO - Acquiring market data for: MSFT
2026-08-13 22:47:32,291 - src.data_loader - ERROR - API returned empty dataset for: MSFT
2026-08-13 22:47:32,291 - src.trainer - INFO - --- Processing Asset: AMZN ---
2026-08-13 22:47:32,291 - src.data_loader - INFO - Acquiring market data for: AMZN
2026-08-13 22:47:32,303 - src.data_loader - ERROR - API returned empty dataset for: AMZN
2026-08-13 22:47:32,303 - Main - INFO - System execution completed successfully.
2026-08-14 22:27:55,984 - Main - INFO - Initializing Stock Prediction System...
2026-08-14 22:27:55,985 - src.trainer - INFO - Starting batch training for: ['NVDA', 'AAPL', 'GOOGL', 'MSFT', 'AMZN']
2026-08-14 22:27:55,985 - src.trainer - INFO - --- Processing Asset: NVDA ---
2026-08-14 22:27:55,985 - src.data_loader - INFO - Acquiring market data for: NVDA
2026-08-14 22:27:56,009 - src.data_loader - ERROR - API returned empty dataset for: NVDA
2026-08-14 22:27:56,009 - src.trainer - INFO - --- Processing Asset: AAPL ---
2026-08-14 22:27:56,009 - src.data_loader - INFO - Acquiring market data for: AAPL
2026-08-14 22:27:56,022 - src.data_loader - ERROR - API returned empty dataset for: AAPL
2026-08-14 22:27:56,022 - src.trainer - INFO - --- Processing Asset: GOOGL ---
2026-08-14 22:27:56,023 - src.data_loader - INFO - Acquiring market data for: GOOGL
2026-08-14 22:27:56,035 - src.data_loader - ERROR - API returned empty dataset for: GOOGL
2026-08-14 22:27:56,035 - src.trainer - INFO - --- Processing Asset: MSFT ---
2026-08-14 22:27:56,035 - src.data_loader - INFO - Acquiring market data for: MSFT
2026-08-14 22:27:56,048 - src.data_loader - ERROR - API returned empty dataset for: MSFT
2026-08-14 22:27:56,048 - src.trainer - INFO - --- Processing Asset: AMZN ---
2026-08-14 22:27:56,048 - src.data_loader - INFO - Acquiring market data for: AMZN
2026-08-14 22:27:56,061 - src.data_loader - ERROR - API returned empty dataset for: AMZN
2026-08-14 22:27:56,061 - Main - INFO - System execution completed successfully.
2026-08-17 16:38:40,304 - src.data_loader - INFO - Acquiring market data for: NVDA
2026-08-17 16:38:47,390 - src.data_loader - INFO - Ingestion successful: 2513 records loaded.
2026-08-17 16:38:47,393 - src.feature_eng - INFO - Preprocessing complete. Train size: 2010, Test inputs: 563
2026-08-17 16:38:47,394 - App - INFO - Loading model: NVDA_lstm
2026-08-17 14:12:18,733 - Main - INFO - Initializing Stock Prediction System...
2026-08-17 14:12:18,733 - src.trainer - INFO - Starting batch training for: ['NVDA', 'AAPL', 'GOOGL', 'MSFT', 'AMZN']
2026-08-17 14:12:18,733 - src.trainer - INFO - --- Processing Asset: NVDA ---
2026-08-17 14:12:18,733 - src.data_loader - INFO - Acquiring market data for: NVDA
2026-08-17 14:12:18,750 - src.data_loader - ERROR - API returned empty dataset for: NVDA
2026-08-17 14:12:18,750 - src.trainer - INFO - --- Processing Asset: AAPL ---
2026-08-17 14:12:18,750 - src.data_loader - INFO - Acquiring market data for: AAPL
2026-08-17 14:12:18,763 - src.data_loader - ERROR - API returned empty dataset for: AAPL
2026-08-17 14:12:18,763 - src.trainer - INFO - --- Processing Asset: GOOGL ---
2026-08-17 14:12:18,763 - src.data_loader - INFO - Acquiring market data for: GOOGL
2026-08-17 14:12:18,775 - src.data_loader - ERROR - API returned empty dataset for: GOOGL
2026-08-17 14:12:18,776 - src.trainer - INFO - --- Processing Asset: MSFT ---
2026-08-17 14:12:18,776 - src.data_loader - INFO - Acquiring market data for: MSFT
2026-08-17 14:12:18,788 - src.data_loader - ERROR - API returned empty dataset for: MSFT
2026-08-17 14:12:18,788 - src.trainer - INFO - --- Processing Asset: AMZN ---
2026-08-17 14:12:18,788 - src.data_loader - INFO - Acquiring market data for: AMZN
2026-08-17 14:12:18,801 - src.data_loader - ERROR - API returned empty dataset for: AMZN
2026-08-17 14:12:18,802 - Main - INFO - System execution completed successfully.
2026-08-17 14:40:44,652 - Main - INFO - Initializing Stock Prediction System...
2026-08-17 14:40:44,652 - src.trainer - INFO - Starting batch training for: ['NVDA', 'AAPL', 'GOOGL', 'MSFT', 'AMZN']
2026-08-17 14:40:44,652 - src.trainer - INFO - --- Processing Asset: NVDA ---
2026-08-17 14:40:44,652 - src.data_loader - INFO - Acquiring market data for: NVDA
2026-08-17 14:40:47,150 - src.data_loader - INFO - Ingestion successful: 2513 records loaded.
2026-08-17 14:40:47,158 - src.feature_eng - INFO - Preprocessing complete. Train size: 2010, Test inputs: 563
2026-08-17 14:40:47,160 - LSTMModel - INFO - Initializing LSTM architecture...
2026-08-17 14:40:47,226 - LSTMModel - INFO - Starting Deep Learning training loop...
2026-08-17 14:41:19,021 - src.trainer - INFO - [NVDA] lstm Performance -> RMSE: 9.3027, MAE: 7.2422
2026-08-17 14:41:19,021 - LSTMModel - INFO - Saving Keras artifact to models/NVDA_lstm.keras
2026-08-17 14:41:19,048 - SklearnModel - INFO - Fitting random_forest...
2026-08-17 14:41:20,822 - src.trainer - INFO - [NVDA] random_forest Performance -> RMSE: 54.0495, MAE: 44.1759
2026-08-17 14:41:20,822 - SklearnModel - INFO - Pickling model to models/NVDA_random_forest.pkl
2026-08-17 14:41:20,851 - SklearnModel - INFO - Fitting linear_regression...
2026-08-17 14:41:20,851 - SklearnModel - INFO - Fitting linear_regression...
2026-08-17 14:41:20,858 - src.trainer - INFO - [NVDA] linear_regression Performance -> RMSE: 5.1898, MAE: 3.9554
2026-08-17 14:41:20,858 - SklearnModel - INFO - Pickling model to models/NVDA_linear_regression.pkl
2026-08-17 14:41:20,858 - SklearnModel - INFO - Pickling model to models/NVDA_linear_regression.pkl
2026-08-17 14:41:20,859 - src.trainer - INFO - --- Processing Asset: AAPL ---
2026-08-17 14:41:20,859 - src.data_loader - INFO - Acquiring market data for: AAPL
2026-08-17 14:41:23,252 - src.data_loader - INFO - Ingestion successful: 2513 records loaded.
2026-08-17 14:41:23,252 - src.feature_eng - INFO - Preprocessing complete. Train size: 2010, Test inputs: 563
2026-08-17 14:41:23,254 - LSTMModel - INFO - Initializing LSTM architecture...
2026-08-17 14:41:23,254 - LSTMModel - INFO - Initializing LSTM architecture...
2026-08-17 14:41:23,288 - LSTMModel - INFO - Starting Deep Learning training loop...
2026-08-17 14:41:23,288 - LSTMModel - INFO - Starting Deep Learning training loop...
2026-08-17 14:42:03,383 - src.trainer - INFO - [AAPL] lstm Performance -> RMSE: 9.2684, MAE: 7.1186
2026-08-17 14:42:03,383 - LSTMModel - INFO - Saving Keras artifact to models/AAPL_lstm.keras
2026-08-17 14:42:03,383 - LSTMModel - INFO - Saving Keras artifact to models/AAPL_lstm.keras
2026-08-17 14:42:03,407 - SklearnModel - INFO - Fitting random_forest...
2026-08-17 14:42:03,407 - SklearnModel - INFO - Fitting random_forest...
2026-08-17 14:42:03,407 - SklearnModel - INFO - Fitting random_forest...
2026-08-17 14:42:04,967 - src.trainer - INFO - [AAPL] random_forest Performance -> RMSE: 40.8031, MAE: 29.2754
2026-08-17 14:42:04,967 - SklearnModel - INFO - Pickling model to models/AAPL_random_forest.pkl
2026-08-17 14:42:04,967 - SklearnModel - INFO - Pickling model to models/AAPL_random_forest.pkl
2026-08-17 14:42:04,967 - SklearnModel - INFO - Pickling model to models/AAPL_random_forest.pkl
2026-08-17 14:42:04,997 - SklearnModel - INFO - Fitting linear_regression...
2026-08-17 14:42:04,997 - SklearnModel - INFO - Fitting linear_regression...
2026-08-17 14:42:04,997 - SklearnModel - INFO - Fitting linear_regression...
2026-08-17 14:42:04,997 - SklearnModel - INFO - Fitting linear_regression...
2026-08-17 14:42:05,005 - src.trainer - INFO - [AAPL] linear_regression Performance -> RMSE: 4.3705, MAE: 3.0428
2026-08-17 14:42:05,005 - SklearnModel - INFO - Pickling model to models/AAPL_linear_regression.pkl
2026-08-17 14:42:05,005 - SklearnModel - INFO - Pickling model to models/AAPL_linear_regression.pkl
2026-08-17 14:42:05,005 - SklearnModel - INFO - Pickling model to models/AAPL_linear_regression.pkl
2026-08-17 14:42:05,005 - SklearnModel - INFO - Pickling model to models/AAPL_linear_regression.pkl
2026-08-17 14:42:05,005 - src.trainer - INFO - --- Processing Asset: GOOGL ---
2026-08-17 14:42:05,005 - src.data_loader - INFO - Acquiring market data for: GOOGL
2026-08-17 14:42:07,229 - src.data_loader - INFO - Ingestion successful: 2513 records loaded.
2026-08-17 14:42:07,230 - src.feature_eng - INFO - Preprocessing complete. Train size: 2010, Test inputs: 563
2026-08-17 14:42:07,232 - LSTMModel - INFO - Initializing LSTM architecture...
2026-08-17 14:42:07,232 - LSTMModel - INFO - Initializing LSTM architecture...
2026-08-17 14:42:07,232 - LSTMModel - INFO - Initializing LSTM architecture...
2026-08-17 14:42:07,265 - LSTMModel - INFO - Starting Deep Learning training loop...
2026-08-17 14:42:07,265 - LSTMModel - INFO - Starting Deep Learning training loop...
2026-08-17 14:42:07,265 - LSTMModel - INFO - Starting Deep Learning training loop...
2026-08-17 14:43:08,885 - src.trainer - INFO - [GOOGL] lstm Performance -> RMSE: 23.8738, MAE: 17.6931
2026-08-17 14:43:08,885 - LSTMModel - INFO - Saving Keras artifact to models/GOOGL_lstm.keras
2026-08-17 14:43:08,885 - LSTMModel - INFO - Saving Keras artifact to models/GOOGL_lstm.keras
2026-08-17 14:43:08,885 - LSTMModel - INFO - Saving Keras artifact to models/GOOGL_lstm.keras
2026-08-17 14:43:08,908 - SklearnModel - INFO - Fitting random_forest...
2026-08-17 14:43:08,908 - SklearnModel - INFO - Fitting random_forest...
2026-08-17 14:43:08,908 - SklearnModel - INFO - Fitting random_forest...
2026-08-17 14:43:08,908 - SklearnModel - INFO - Fitting random_forest...
2026-08-17 14:43:08,908 - SklearnModel - INFO - Fitting random_forest...
2026-08-17 14:43:10,535 - src.trainer - INFO - [GOOGL] random_forest Performance -> RMSE: 96.3517, MAE: 65.8694
2026-08-17 14:43:10,535 - SklearnModel - INFO - Pickling model to models/GOOGL_random_forest.pkl
2026-08-17 14:43:10,535 - SklearnModel - INFO - Pickling model to models/GOOGL_random_forest.pkl
2026-08-17 14:43:10,535 - SklearnModel - INFO - Pickling model to models/GOOGL_random_forest.pkl
2026-08-17 14:43:10,535 - SklearnModel - INFO - Pickling model to models/GOOGL_random_forest.pkl
2026-08-17 14:43:10,535 - SklearnModel - INFO - Pickling model to models/GOOGL_random_forest.pkl
2026-08-17 14:43:10,563 - SklearnModel - INFO - Fitting linear_regression...
2026-08-17 14:43:10,563 - SklearnModel - INFO - Fitting linear_regression...
2026-08-17 14:43:10,563 - SklearnModel - INFO - Fitting linear_regression...
2026-08-17 14:43:10,563 - SklearnModel - INFO - Fitting linear_regression...
2026-08-17 14:43:10,563 - SklearnModel - INFO - Fitting linear_regression...
2026-08-17 14:43:10,563 - SklearnModel - INFO - Fitting linear_regression...
2026-08-17 14:43:10,577 - src.trainer - INFO - [GOOGL] linear_regression Performance -> RMSE: 5.3415, MAE: 3.6749
2026-08-17 14:43:10,577 - SklearnModel - INFO - Pickling model to models/GOOGL_linear_regression.pkl
2026-08-17 14:43:10,577 - SklearnModel - INFO - Pickling model to models/GOOGL_linear_regression.pkl
2026-08-17 14:43:10,577 - SklearnModel - INFO - Pickling model to models/GOOGL_linear_regression.pkl
2026-08-17 14:43:10,577 - SklearnModel - INFO - Pickling model to models/GOOGL_linear_regression.pkl
2026-08-17 14:43:10,577 - SklearnModel - INFO - Pickling model to models/GOOGL_linear_regression.pkl
2026-08-17 14:43:10,577 - SklearnModel - INFO - Pickling model to models/GOOGL_linear_regression.pkl
2026-08-17 14:43:10,577 - src.trainer - INFO - --- Processing Asset: MSFT ---
2026-08-17 14:43:10,578 - src.data_loader - INFO - Acquiring market data for: MSFT
2026-08-17 14:43:13,092 - src.data_loader - INFO - Ingestion successful: 2513 records loaded.
2026-08-17 14:43:13,093 - src.feature_eng - INFO - Preprocessing complete. Train size: 2010, Test inputs: 563
2026-08-17 14:43:13,095 - LSTMModel - INFO - Initializing LSTM architecture...
2026-08-17 14:43:13,095 - LSTMModel - INFO - Initializing LSTM architecture...
2026-08-17 14:43:13,095 - LSTMModel - INFO - Initializing LSTM architecture...
2026-08-17 14:43:13,095 - LSTMModel - INFO - Initializing LSTM architecture...
2026-08-17 14:43:13,127 - LSTMModel - INFO - Starting Deep Learning training loop...
2026-08-17 14:43:13,127 - LSTMModel - INFO - Starting Deep Learning training loop...
2026-08-17 14:43:13,127 - LSTMModel - INFO - Starting Deep Learning training loop...
2026-08-17 14:43:13,127 - LSTMModel - INFO - Starting Deep Learning training loop...
2026-08-17 14:44:21,486 - src.trainer - INFO - [MSFT] lstm Performance -> RMSE: 14.5149, MAE: 10.7209
2026-08-17 14:44:21,486 - LSTMModel - INFO - Saving Keras artifact to models/MSFT_lstm.keras
2026-08-17 14:44:21,486 - LSTMModel - INFO - Saving Keras artifact to models/MSFT_lstm.keras
2026-08-17 14:44:21,486 - LSTMModel - INFO - Saving Keras artifact to models/MSFT_lstm.keras
2026-08-17 14:44:21,486 - LSTMModel - INFO - Saving Keras artifact to models/MSFT_lstm.keras
2026-08-17 14:44:21,509 - SklearnModel - INFO - Fitting random_forest...
2026-08-17 14:44:21,509 - SklearnModel - INFO - Fitting random_forest...
2026-08-17 14:44:21,509 - SklearnModel - INFO - Fitting random_forest...
2026-08-17 14:44:21,509 - SklearnModel - INFO - Fitting random_forest...
2026-08-17 14:44:21,509 - SklearnModel - INFO - Fitting random_forest...
2026-08-17 14:44:21,509 - SklearnModel - INFO - Fitting random_forest...
2026-08-17 14:44:21,509 - SklearnModel - INFO - Fitting random_forest...
2026-08-17 14:44:23,073 - src.trainer - INFO - [MSFT] random_forest Performance -> RMSE: 35.6882, MAE: 24.2557
2026-08-17 14:44:23,074 - SklearnModel - INFO - Pickling model to models/MSFT_random_forest.pkl
2026-08-17 14:44:23,074 - SklearnModel - INFO - Pickling model to models/MSFT_random_forest.pkl
2026-08-17 14:44:23,074 - SklearnModel - INFO - Pickling model to models/MSFT_random_forest.pkl
2026-08-17 14:44:23,074 - SklearnModel - INFO - Pickling model to models/MSFT_random_forest.pkl
2026-08-17 14:44:23,074 - SklearnModel - INFO - Pickling model to models/MSFT_random_forest.pkl
2026-08-17 14:44:23,074 - SklearnModel - INFO - Pickling model to models/MSFT_random_forest.pkl
2026-08-17 14:44:23,074 - SklearnModel - INFO - Pickling model to models/MSFT_random_forest.pkl
2026-08-17 14:44:23,103 - SklearnModel - INFO - Fitting linear_regression...
2026-08-17 14:44:23,103 - SklearnModel - INFO - Fitting linear_regression...
2026-08-17 14:44:23,103 - SklearnModel - INFO - Fitting linear_regression...
2026-08-17 14:44:23,103 - SklearnModel - INFO - Fitting linear_regression...
2026-08-17 14:44:23,103 - SklearnModel - INFO - Fitting linear_regression...
2026-08-17 14:44:23,103 - SklearnModel - INFO - Fitting linear_regression...
2026-08-17 14:44:23,103 - SklearnModel - INFO - Fitting linear_regression...
2026-08-17 14:44:23,103 - SklearnModel - INFO - Fitting linear_regression...
2026-08-17 14:44:23,110 - src.trainer - INFO - [MSFT] linear_regression Performance -> RMSE: 7.8858, MAE: 5.3829
2026-08-17 14:44:23,111 - SklearnModel - INFO - Pickling model to models/MSFT_linear_regression.pkl
2026-08-17 14:44:23,111 - SklearnModel - INFO - Pickling model to models/MSFT_linear_regression.pkl
2026-08-17 14:44:23,111 - SklearnModel - INFO - Pickling model to models/MSFT_linear_regression.pkl
2026-08-17 14:44:23,111 - SklearnModel - INFO - Pickling model to models/MSFT_linear_regression.pkl
2026-08-17 14:44:23,111 - SklearnModel - INFO - Pickling model to models/MSFT_linear_regression.pkl
2026-08-17 14:44:23,111 - SklearnModel - INFO - Pickling model to models/MSFT_linear_regression.pkl
2026-08-17 14:44:23,111 - SklearnModel - INFO - Pickling model to models/MSFT_linear_regression.pkl
2026-08-17 14:44:23,111 - SklearnModel - INFO - Pickling model to models/MSFT_linear_regression.pkl
2026-08-17 14:44:23,111 - src.trainer - INFO - --- Processing Asset: AMZN ---
2026-08-17 14:44:23,112 - src.data_loader - INFO - Acquiring market data for: AMZN
2026-08-17 14:44:25,466 - src.data_loader - INFO - Ingestion successful: 2513 records loaded.
2026-08-17 14:44:25,467 - src.feature_eng - INFO - Preprocessing complete. Train size: 2010, Test inputs: 563
2026-08-17 14:44:25,469 - LSTMModel - INFO - Initializing LSTM architecture...
2026-08-17 14:44:25,469 - LSTMModel - INFO - Initializing LSTM architecture...
2026-08-17 14:44:25,469 - LSTMModel - INFO - Initializing LSTM architecture...
2026-08-17 14:44:25,469 - LSTMModel - INFO - Initializing LSTM architecture...
2026-08-17 14:44:25,469 - LSTMModel - INFO - Initializing LSTM architecture...
2026-08-17 14:44:25,502 - LSTMModel - INFO - Starting Deep Learning training loop...
2026-08-17 14:44:25,502 - LSTMModel - INFO - Starting Deep Learning training loop...
2026-08-17 14:44:25,502 - LSTMModel - INFO - Starting Deep Learning training loop...
2026-08-17 14:44:25,502 - LSTMModel - INFO - Starting Deep Learning training loop...
2026-08-17 14:44:25,502 - LSTMModel - INFO - Starting Deep Learning training loop...
2026-08-17 14:45:42,811 - src.trainer - INFO - [AMZN] lstm Performance -> RMSE: 7.3440, MAE: 5.5720
2026-08-17 14:45:42,811 - LSTMModel - INFO - Saving Keras artifact to models/AMZN_lstm.keras
2026-08-17 14:45:42,811 - LSTMModel - INFO - Saving Keras artifact to models/AMZN_lstm.keras
2026-08-17 14:45:42,811 - LSTMModel - INFO - Saving Keras artifact to models/AMZN_lstm.keras
2026-08-17 14:45:42,811 - LSTMModel - INFO - Saving Keras artifact to models/AMZN_lstm.keras
2026-08-17 14:45:42,811 - LSTMModel - INFO - Saving Keras artifact to models/AMZN_lstm.keras
2026-08-17 14:45:42,835 - SklearnModel - INFO - Fitting random_forest...
2026-08-17 14:45:42,835 - SklearnModel - INFO - Fitting random_forest...
2026-08-17 14:45:42,835 - SklearnModel - INFO - Fitting random_forest...
2026-08-17 14:45:42,835 - SklearnModel - INFO - Fitting random_forest...
2026-08-17 14:45:42,835 - SklearnModel - INFO - Fitting random_forest...
2026-08-17 14:45:42,835 - SklearnModel - INFO - Fitting random_forest...
2026-08-17 14:45:42,835 - SklearnModel - INFO - Fitting random_forest...
2026-08-17 14:45:42,835 - SklearnModel - INFO - Fitting random_forest...
2026-08-17 14:45:42,835 - SklearnModel - INFO - Fitting random_forest...
2026-08-17 14:45:44,430 - src.trainer - INFO - [AMZN] random_forest Performance -> RMSE: 33.9120, MAE: 27.2585
2026-08-17 14:45:44,430 - SklearnModel - INFO - Pickling model to models/AMZN_random_forest.pkl
2026-08-17 14:45:44,430 - SklearnModel - INFO - Pickling model to models/AMZN_random_forest.pkl
2026-08-17 14:45:44,430 - SklearnModel - INFO - Pickling model to models/AMZN_random_forest.pkl
2026-08-17 14:45:44,430 - SklearnModel - INFO - Pickling model to models/AMZN_random_forest.pkl
2026-08-17 14:45:44,430 - SklearnModel - INFO - Pickling model to models/AMZN_random_forest.pkl
2026-08-17 14:45:44,430 - SklearnModel - INFO - Pickling model to models/AMZN_random_forest.pkl
2026-08-17 14:45:44,430 - SklearnModel - INFO - Pickling model to models/AMZN_random_forest.pkl
2026-08-17 14:45:44,430 - SklearnModel - INFO - Pickling model to models/AMZN_random_forest.pkl
2026-08-17 14:45:44,430 - SklearnModel - INFO - Pickling model to models/AMZN_random_forest.pkl
2026-08-17 14:45:44,460 - SklearnModel - INFO - Fitting linear_regression...
2026-08-17 14:45:44,460 - SklearnModel - INFO - Fitting linear_regression...
2026-08-17 14:45:44,460 - SklearnModel - INFO - Fitting linear_regression...
2026-08-17 14:45:44,460 - SklearnModel - INFO - Fitting linear_regression...
2026-08-17 14:45:44,460 - SklearnModel - INFO - Fitting linear_regression...
2026-08-17 14:45:44,460 - SklearnModel - INFO - Fitting linear_regression...
2026-08-17 14:45:44,460 - SklearnModel - INFO - Fitting linear_regression...
2026-08-17 14:45:44,460 - SklearnModel - INFO - Fitting linear_regression...
2026-08-17 14:45:44,460 - SklearnModel - INFO - Fitting linear_regression...
2026-08-17 14:45:44,460 - SklearnModel - INFO - Fitting linear_regression...
2026-08-17 14:45:44,468 - src.trainer - INFO - [AMZN] linear_regression Performance -> RMSE: 4.7429, MAE: 3.4330
2026-08-17 14:45:44,468 - SklearnModel - INFO - Pickling model to models/AMZN_linear_regression.pkl
2026-08-17 14:45:44,468 - SklearnModel - INFO - Pickling model to models/AMZN_linear_regression.pkl
2026-08-17 14:45:44,468 - SklearnModel - INFO - Pickling model to models/AMZN_linear_regression.pkl
2026-08-17 14:45:44,468 - SklearnModel - INFO - Pickling model to models/AMZN_linear_regression.pkl
2026-08-17 14:45:44,468 - SklearnModel - INFO - Pickling model to models/AMZN_linear_regression.pkl
2026-08-17 14:45:44,468 - SklearnModel - INFO - Pickling model to models/AMZN_linear_regression.pkl
2026-08-17 14:45:44,468 - SklearnModel - INFO - Pickling model to models/AMZN_linear_regression.pkl
2026-08-17 14:45:44,468 - SklearnModel - INFO - Pickling model to models/AMZN_linear_regression.pkl
2026-08-17 14:45:44,468 - SklearnModel - INFO - Pickling model to models/AMZN_linear_regression.pkl
2026-08-17 14:45:44,468 - SklearnModel - INFO - Pickling model to models/AMZN_linear_regression.pkl
2026-08-17 14:45:44,469 - Main - INFO - System execution completed successfully.
2026-08-17 15:19:56,183 - Main - INFO - Initializing Stock Prediction System...
2026-08-17 15:19:56,184 - src.trainer - INFO - Starting batch training for: ['NVDA', 'AAPL', 'GOOGL', 'MSFT', 'AMZN']
2026-08-17 15:19:56,184 - src.trainer - INFO - --- Processing Asset: NVDA ---
2026-08-17 15:19:56,184 - src.data_loader - INFO - Acquiring market data for: NVDA
2026-08-17 15:20:00,621 - src.data_loader - INFO - Ingestion successful: 2513 records loaded.
2026-08-17 15:20:00,634 - src.feature_eng - INFO - Preprocessing complete. Train size: 2010, Test inputs: 563
2026-08-17 15:20:00,637 - LSTMModel - INFO - Initializing LSTM architecture...
2026-08-17 15:20:00,703 - LSTMModel - INFO - Starting Deep Learning training loop...
2026-08-17 15:20:45,537 - src.trainer - INFO - [NVDA] lstm Performance -> RMSE: 15.8480, MAE: 13.8447
2026-08-17 15:20:45,537 - LSTMModel - INFO - Saving Keras artifact to models/NVDA_lstm.keras
2026-08-17 15:20:45,564 - SklearnModel - INFO - Fitting random_forest...
2026-08-17 15:20:47,333 - src.trainer - INFO - [NVDA] random_forest Performance -> RMSE: 54.0994, MAE: 44.2451
2026-08-17 15:20:47,334 - SklearnModel - INFO - Pickling model to models/NVDA_random_forest.pkl
2026-08-17 15:20:47,363 - SklearnModel - INFO - Fitting linear_regression...
2026-08-17 15:20:47,363 - SklearnModel - INFO - Fitting linear_regression...
2026-08-17 15:20:47,370 - src.trainer - INFO - [NVDA] linear_regression Performance -> RMSE: 5.1903, MAE: 3.9562
2026-08-17 15:20:47,370 - SklearnModel - INFO - Pickling model to models/NVDA_linear_regression.pkl
2026-08-17 15:20:47,370 - SklearnModel - INFO - Pickling model to models/NVDA_linear_regression.pkl
2026-08-17 15:20:47,371 - src.trainer - INFO - --- Processing Asset: AAPL ---
2026-08-17 15:20:47,371 - src.data_loader - INFO - Acquiring market data for: AAPL
2026-08-17 15:20:49,782 - src.data_loader - INFO - Ingestion successful: 2513 records loaded.
2026-08-17 15:20:49,783 - src.feature_eng - INFO - Preprocessing complete. Train size: 2010, Test inputs: 563
2026-08-17 15:20:49,785 - LSTMModel - INFO - Initializing LSTM architecture...
2026-08-17 15:20:49,785 - LSTMModel - INFO - Initializing LSTM architecture...
2026-08-17 15:20:49,818 - LSTMModel - INFO - Starting Deep Learning training loop...
2026-08-17 15:20:49,818 - LSTMModel - INFO - Starting Deep Learning training loop...
2026-08-17 15:21:34,350 - src.trainer - INFO - [AAPL] lstm Performance -> RMSE: 14.8969, MAE: 12.5493
2026-08-17 15:21:34,350 - LSTMModel - INFO - Saving Keras artifact to models/AAPL_lstm.keras
2026-08-17 15:21:34,350 - LSTMModel - INFO - Saving Keras artifact to models/AAPL_lstm.keras
2026-08-17 15:21:34,374 - SklearnModel - INFO - Fitting random_forest...
2026-08-17 15:21:34,374 - SklearnModel - INFO - Fitting random_forest...
2026-08-17 15:21:34,374 - SklearnModel - INFO - Fitting random_forest...
2026-08-17 15:21:35,982 - src.trainer - INFO - [AAPL] random_forest Performance -> RMSE: 40.5848, MAE: 29.0861
2026-08-17 15:21:35,982 - SklearnModel - INFO - Pickling model to models/AAPL_random_forest.pkl
2026-08-17 15:21:35,982 - SklearnModel - INFO - Pickling model to models/AAPL_random_forest.pkl
2026-08-17 15:21:35,982 - SklearnModel - INFO - Pickling model to models/AAPL_random_forest.pkl
2026-08-17 15:21:36,012 - SklearnModel - INFO - Fitting linear_regression...
2026-08-17 15:21:36,012 - SklearnModel - INFO - Fitting linear_regression...
2026-08-17 15:21:36,012 - SklearnModel - INFO - Fitting linear_regression...
2026-08-17 15:21:36,012 - SklearnModel - INFO - Fitting linear_regression...
2026-08-17 15:21:36,038 - src.trainer - INFO - [AAPL] linear_regression Performance -> RMSE: 4.3705, MAE: 3.0428
2026-08-17 15:21:36,038 - SklearnModel - INFO - Pickling model to models/AAPL_linear_regression.pkl
2026-08-17 15:21:36,038 - SklearnModel - INFO - Pickling model to models/AAPL_linear_regression.pkl
2026-08-17 15:21:36,038 - SklearnModel - INFO - Pickling model to models/AAPL_linear_regression.pkl
2026-08-17 15:21:36,038 - SklearnModel - INFO - Pickling model to models/AAPL_linear_regression.pkl
2026-08-17 15:21:36,039 - src.trainer - INFO - --- Processing Asset: GOOGL ---
2026-08-17 15:21:36,039 - src.data_loader - INFO - Acquiring market data for: GOOGL
2026-08-17 15:21:38,352 - src.data_loader - INFO - Ingestion successful: 2513 records loaded.
2026-08-17 15:21:38,353 - src.feature_eng - INFO - Preprocessing complete. Train size: 2010, Test inputs: 563
2026-08-17 15:21:38,355 - LSTMModel - INFO - Initializing LSTM architecture...
2026-08-17 15:21:38,355 - LSTMModel - INFO - Initializing LSTM architecture...
2026-08-17 15:21:38,355 - LSTMModel - INFO - Initializing LSTM architecture...
2026-08-17 15:21:38,387 - LSTMModel - INFO - Starting Deep Learning training loop...
2026-08-17 15:21:38,387 - LSTMModel - INFO - Starting Deep Learning training loop...
2026-08-17 15:21:38,387 - LSTMModel - INFO - Starting Deep Learning training loop...
2026-08-17 15:22:22,227 - src.trainer - INFO - [GOOGL] lstm Performance -> RMSE: 21.8348, MAE: 16.2162
2026-08-17 15:22:22,227 - LSTMModel - INFO - Saving Keras artifact to models/GOOGL_lstm.keras
2026-08-17 15:22:22,227 - LSTMModel - INFO - Saving Keras artifact to models/GOOGL_lstm.keras
2026-08-17 15:22:22,227 - LSTMModel - INFO - Saving Keras artifact to models/GOOGL_lstm.keras
2026-08-17 15:22:22,250 - SklearnModel - INFO - Fitting random_forest...
2026-08-17 15:22:22,250 - SklearnModel - INFO - Fitting random_forest...
2026-08-17 15:22:22,250 - SklearnModel - INFO - Fitting random_forest...
2026-08-17 15:22:22,250 - SklearnModel - INFO - Fitting random_forest...
2026-08-17 15:22:22,250 - SklearnModel - INFO - Fitting random_forest...
2026-08-17 15:22:23,863 - src.trainer - INFO - [GOOGL] random_forest Performance -> RMSE: 96.5818, MAE: 66.0530
2026-08-17 15:22:23,863 - SklearnModel - INFO - Pickling model to models/GOOGL_random_forest.pkl
2026-08-17 15:22:23,863 - SklearnModel - INFO - Pickling model to models/GOOGL_random_forest.pkl
2026-08-17 15:22:23,863 - SklearnModel - INFO - Pickling model to models/GOOGL_random_forest.pkl
2026-08-17 15:22:23,863 - SklearnModel - INFO - Pickling model to models/GOOGL_random_forest.pkl
2026-08-17 15:22:23,863 - SklearnModel - INFO - Pickling model to models/GOOGL_random_forest.pkl
2026-08-17 15:22:23,893 - SklearnModel - INFO - Fitting linear_regression...
2026-08-17 15:22:23,893 - SklearnModel - INFO - Fitting linear_regression...
2026-08-17 15:22:23,893 - SklearnModel - INFO - Fitting linear_regression...
2026-08-17 15:22:23,893 - SklearnModel - INFO - Fitting linear_regression...
2026-08-17 15:22:23,893 - SklearnModel - INFO - Fitting linear_regression...
2026-08-17 15:22:23,893 - SklearnModel - INFO - Fitting linear_regression...
2026-08-17 15:22:23,900 - src.trainer - INFO - [GOOGL] linear_regression Performance -> RMSE: 5.3400, MAE: 3.6732
2026-08-17 15:22:23,900 - SklearnModel - INFO - Pickling model to models/GOOGL_linear_regression.pkl
2026-08-17 15:22:23,900 - SklearnModel - INFO - Pickling model to models/GOOGL_linear_regression.pkl
2026-08-17 15:22:23,900 - SklearnModel - INFO - Pickling model to models/GOOGL_linear_regression.pkl
2026-08-17 15:22:23,900 - SklearnModel - INFO - Pickling model to models/GOOGL_linear_regression.pkl
2026-08-17 15:22:23,900 - SklearnModel - INFO - Pickling model to models/GOOGL_linear_regression.pkl
2026-08-17 15:22:23,900 - SklearnModel - INFO - Pickling model to models/GOOGL_linear_regression.pkl
2026-08-17 15:22:23,901 - src.trainer - INFO - --- Processing Asset: MSFT ---
2026-08-17 15:22:23,901 - src.data_loader - INFO - Acquiring market data for: MSFT
2026-08-17 15:22:26,236 - src.data_loader - INFO - Ingestion successful: 2513 records loaded.
2026-08-17 15:22:26,237 - src.feature_eng - INFO - Preprocessing complete. Train size: 2010, Test inputs: 563
2026-08-17 15:22:26,239 - LSTMModel - INFO - Initializing LSTM architecture...
2026-08-17 15:22:26,239 - LSTMModel - INFO - Initializing LSTM architecture...
2026-08-17 15:22:26,239 - LSTMModel - INFO - Initializing LSTM architecture...
2026-08-17 15:22:26,239 - LSTMModel - INFO - Initializing LSTM architecture...
2026-08-17 15:22:26,271 - LSTMModel - INFO - Starting Deep Learning training loop...
2026-08-17 15:22:26,271 - LSTMModel - INFO - Starting Deep Learning training loop...
2026-08-17 15:22:26,271 - LSTMModel - INFO - Starting Deep Learning training loop...
2026-08-17 15:22:26,271 - LSTMModel - INFO - Starting Deep Learning training loop...
2026-08-17 15:22:47,864 - src.trainer - INFO - [MSFT] lstm Performance -> RMSE: 17.9949, MAE: 13.1910
2026-08-17 15:22:47,864 - LSTMModel - INFO - Saving Keras artifact to models/MSFT_lstm.keras
2026-08-17 15:22:47,864 - LSTMModel - INFO - Saving Keras artifact to models/MSFT_lstm.keras
2026-08-17 15:22:47,864 - LSTMModel - INFO - Saving Keras artifact to models/MSFT_lstm.keras
2026-08-17 15:22:47,864 - LSTMModel - INFO - Saving Keras artifact to models/MSFT_lstm.keras
2026-08-17 15:22:47,888 - SklearnModel - INFO - Fitting random_forest...
2026-08-17 15:22:47,888 - SklearnModel - INFO - Fitting random_forest...
2026-08-17 15:22:47,888 - SklearnModel - INFO - Fitting random_forest...
2026-08-17 15:22:47,888 - SklearnModel - INFO - Fitting random_forest...
2026-08-17 15:22:47,888 - SklearnModel - INFO - Fitting random_forest...
2026-08-17 15:22:47,888 - SklearnModel - INFO - Fitting random_forest...
2026-08-17 15:22:47,888 - SklearnModel - INFO - Fitting random_forest...
2026-08-17 15:22:49,423 - src.trainer - INFO - [MSFT] random_forest Performance -> RMSE: 36.5740, MAE: 24.7728
2026-08-17 15:22:49,423 - SklearnModel - INFO - Pickling model to models/MSFT_random_forest.pkl
2026-08-17 15:22:49,423 - SklearnModel - INFO - Pickling model to models/MSFT_random_forest.pkl
2026-08-17 15:22:49,423 - SklearnModel - INFO - Pickling model to models/MSFT_random_forest.pkl
2026-08-17 15:22:49,423 - SklearnModel - INFO - Pickling model to models/MSFT_random_forest.pkl
2026-08-17 15:22:49,423 - SklearnModel - INFO - Pickling model to models/MSFT_random_forest.pkl
2026-08-17 15:22:49,423 - SklearnModel - INFO - Pickling model to models/MSFT_random_forest.pkl
2026-08-17 15:22:49,423 - SklearnModel - INFO - Pickling model to models/MSFT_random_forest.pkl
2026-08-17 15:22:49,454 - SklearnModel - INFO - Fitting linear_regression...
2026-08-17 15:22:49,454 - SklearnModel - INFO - Fitting linear_regression...
2026-08-17 15:22:49,454 - SklearnModel - INFO - Fitting linear_regression...
2026-08-17 15:22:49,454 - SklearnModel - INFO - Fitting linear_regression...
2026-08-17 15:22:49,454 - SklearnModel - INFO - Fitting linear_regression...
2026-08-17 15:22:49,454 - SklearnModel - INFO - Fitting linear_regression...
2026-08-17 15:22:49,454 - SklearnModel - INFO - Fitting linear_regression...
2026-08-17 15:22:49,454 - SklearnModel - INFO - Fitting linear_regression...
2026-08-17 15:22:49,461 - src.trainer - INFO - [MSFT] linear_regression Performance -> RMSE: 7.8827, MAE: 5.3812
2026-08-17 15:22:49,461 - SklearnModel - INFO - Pickling model to models/MSFT_linear_regression.pkl
2026-08-17 15:22:49,461 - SklearnModel - INFO - Pickling model to models/MSFT_linear_regression.pkl
2026-08-17 15:22:49,461 - SklearnModel - INFO - Pickling model to models/MSFT_linear_regression.pkl
2026-08-17 15:22:49,461 - SklearnModel - INFO - Pickling model to models/MSFT_linear_regression.pkl
2026-08-17 15:22:49,461 - SklearnModel - INFO - Pickling model to models/MSFT_linear_regression.pkl
2026-08-17 15:22:49,461 - SklearnModel - INFO - Pickling model to models/MSFT_linear_regression.pkl
2026-08-17 15:22:49,461 - SklearnModel - INFO - Pickling model to models/MSFT_linear_regression.pkl
2026-08-17 15:22:49,461 - SklearnModel - INFO - Pickling model to models/MSFT_linear_regression.pkl
2026-08-17 15:22:49,462 - src.trainer - INFO - --- Processing Asset: AMZN ---
2026-08-17 15:22:49,462 - src.data_loader - INFO - Acquiring market data for: AMZN
2026-08-17 15:22:51,695 - src.data_loader - INFO - Ingestion successful: 2513 records loaded.
2026-08-17 15:22:51,696 - src.feature_eng - INFO - Preprocessing complete. Train size: 2010, Test inputs: 563
2026-08-17 15:22:51,698 - LSTMModel - INFO - Initializing LSTM architecture...
2026-08-17 15:22:51,698 - LSTMModel - INFO - Initializing LSTM architecture...
2026-08-17 15:22:51,698 - LSTMModel - INFO - Initializing LSTM architecture...
2026-08-17 15:22:51,698 - LSTMModel - INFO - Initializing LSTM architecture...
2026-08-17 15:22:51,698 - LSTMModel - INFO - Initializing LSTM architecture...
2026-08-17 15:22:51,730 - LSTMModel - INFO - Starting Deep Learning training loop...
2026-08-17 15:22:51,730 - LSTMModel - INFO - Starting Deep Learning training loop...
2026-08-17 15:22:51,730 - LSTMModel - INFO - Starting Deep Learning training loop...
2026-08-17 15:22:51,730 - LSTMModel - INFO - Starting Deep Learning training loop...
2026-08-17 15:22:51,730 - LSTMModel - INFO - Starting Deep Learning training loop...
2026-08-17 15:23:29,578 - src.trainer - INFO - [AMZN] lstm Performance -> RMSE: 9.4376, MAE: 7.2708
2026-08-17 15:23:29,578 - LSTMModel - INFO - Saving Keras artifact to models/AMZN_lstm.keras
2026-08-17 15:23:29,578 - LSTMModel - INFO - Saving Keras artifact to models/AMZN_lstm.keras
2026-08-17 15:23:29,578 - LSTMModel - INFO - Saving Keras artifact to models/AMZN_lstm.keras
2026-08-17 15:23:29,578 - LSTMModel - INFO - Saving Keras artifact to models/AMZN_lstm.keras
2026-08-17 15:23:29,578 - LSTMModel - INFO - Saving Keras artifact to models/AMZN_lstm.keras
2026-08-17 15:23:29,602 - SklearnModel - INFO - Fitting random_forest...
2026-08-17 15:23:29,602 - SklearnModel - INFO - Fitting random_forest...
2026-08-17 15:23:29,602 - SklearnModel - INFO - Fitting random_forest...
2026-08-17 15:23:29,602 - SklearnModel - INFO - Fitting random_forest...
2026-08-17 15:23:29,602 - SklearnModel - INFO - Fitting random_forest...
2026-08-17 15:23:29,602 - SklearnModel - INFO - Fitting random_forest...
2026-08-17 15:23:29,602 - SklearnModel - INFO - Fitting random_forest...
2026-08-17 15:23:29,602 - SklearnModel - INFO - Fitting random_forest...
2026-08-17 15:23:29,602 - SklearnModel - INFO - Fitting random_forest...
2026-08-17 15:23:31,243 - src.trainer - INFO - [AMZN] random_forest Performance -> RMSE: 33.9155, MAE: 27.2603
2026-08-17 15:23:31,243 - SklearnModel - INFO - Pickling model to models/AMZN_random_forest.pkl
2026-08-17 15:23:31,243 - SklearnModel - INFO - Pickling model to models/AMZN_random_forest.pkl
2026-08-17 15:23:31,243 - SklearnModel - INFO - Pickling model to models/AMZN_random_forest.pkl
2026-08-17 15:23:31,243 - SklearnModel - INFO - Pickling model to models/AMZN_random_forest.pkl
2026-08-17 15:23:31,243 - SklearnModel - INFO - Pickling model to models/AMZN_random_forest.pkl
2026-08-17 15:23:31,243 - SklearnModel - INFO - Pickling model to models/AMZN_random_forest.pkl
2026-08-17 15:23:31,243 - SklearnModel - INFO - Pickling model to models/AMZN_random_forest.pkl
2026-08-17 15:23:31,243 - SklearnModel - INFO - Pickling model to models/AMZN_random_forest.pkl
2026-08-17 15:23:31,243 - SklearnModel - INFO - Pickling model to models/AMZN_random_forest.pkl
2026-08-17 15:23:31,273 - SklearnModel - INFO - Fitting linear_regression...
2026-08-17 15:23:31,273 - SklearnModel - INFO - Fitting linear_regression...
2026-08-17 15:23:31,273 - SklearnModel - INFO - Fitting linear_regression...
2026-08-17 15:23:31,273 - SklearnModel - INFO - Fitting linear_regression...
2026-08-17 15:23:31,273 - SklearnModel - INFO - Fitting linear_regression...
2026-08-17 15:23:31,273 - SklearnModel - INFO - Fitting linear_regression...
2026-08-17 15:23:31,273 - SklearnModel - INFO - Fitting linear_regression...
2026-08-17 15:23:31,273 - SklearnModel - INFO - Fitting linear_regression...
2026-08-17 15:23:31,273 - SklearnModel - INFO - Fitting linear_regression...
2026-08-17 15:23:31,273 - SklearnModel - INFO - Fitting linear_regression...
2026-08-17 15:23:31,280 - src.trainer - INFO - [AMZN] linear_regression Performance -> RMSE: 4.7421, MAE: 3.4312
2026-08-17 15:23:31,280 - SklearnModel - INFO - Pickling model to models/AMZN_linear_regression.pkl
2026-08-17 15:23:31,280 - SklearnModel - INFO - Pickling model to models/AMZN_linear_regression.pkl
2026-08-17 15:23:31,280 - SklearnModel - INFO - Pickling model to models/AMZN_linear_regression.pkl
2026-08-17 15:23:31,280 - SklearnModel - INFO - Pickling model to models/AMZN_linear_regression.pkl
2026-08-17 15:23:31,280 - SklearnModel - INFO - Pickling model to models/AMZN_linear_regression.pkl
2026-08-17 15:23:31,280 - SklearnModel - INFO - Pickling model to models/AMZN_linear_regression.pkl
2026-08-17 15:23:31,280 - SklearnModel - INFO - Pickling model to models/AMZN_linear_regression.pkl
2026-08-17 15:23:31,280 - SklearnModel - INFO - Pickling model to models/AMZN_linear_regression.pkl
2026-08-17 15:23:31,280 - SklearnModel - INFO - Pickling model to models/AMZN_linear_regression.pkl
2026-08-17 15:23:31,280 - SklearnModel - INFO - Pickling model to models/AMZN_linear_regression.pkl
2026-08-17 15:23:31,287 - src.trainer - INFO - Markdown dashboard successfully generated with historical trends.
2026-08-17 15:23:31,287 - Main - INFO - System execution completed successfully.
